,time in sec,MicroSiemens_LevelChange
0,0,-0.03448696281249998
1,1,-0.04216790499999994
2,2,-0.048075500312500075
3,3,-0.051971165937499966
4,4,-0.05391899874999995
5,5,-0.05611965812500008
6,6,-0.05884377531250002
7,7,-0.061083604999999944
8,8,-0.06332699562500013
9,9,-0.06487956437499995
10,10,-0.06580896906250003
11,11,-0.0610230690625
12,12,-0.03723244562499999
13,13,-0.004749560000000006
14,14,0.016281323124999993
15,15,0.019831577812499983
16,16,0.010975526249999992
17,17,0.0037076528125000023
18,18,0.012413696377952753
19,19,0.014789290312500012
20,20,0.012930480937500013
21,21,0.020817957500000005
22,22,0.035421362187499986
23,23,0.04074496374999998
24,24,0.046616949687499916
25,25,0.056644549687499934
26,26,0.0595146653125
27,27,0.06198239499999998
28,28,0.08677364187499996
29,29,0.11112689343750001
30,30,0.12219072624999994
31,31,0.11610152312500001
32,32,0.10051529968749999
33,33,0.08726505125000004
34,34,0.07751876531250003
35,35,0.07214887156249998
36,36,0.07807427156249999
37,37,0.0848044434374998
38,38,0.08548458250000006
39,39,0.0867700809375001
40,40,0.08983248718750006
41,41,0.09104320593749993
42,42,0.0849575637499999
43,43,0.08352250593750005
44,44,0.08825143093749997
45,45,0.09599646999999992
46,46,0.10689293875
47,47,0.11246936687500005
48,48,0.11189249500000006
49,49,0.11189605593750011
50,50,0.11635791062499991
51,51,0.12151414812500003
52,52,0.12900992156249988
53,53,0.12868943718749998
54,54,0.1266276543750001
55,55,0.12203760593749989
56,56,0.11714487781250013
57,57,0.11261536531250001
58,58,0.10854521374999983
59,59,0.10519081062499995
60,60,0.10991617468749999
61,61,0.11619054656249994
62,62,0.11769326218750004
63,63,0.11541782312499987
64,64,0.1120705418749999
65,65,0.10802175593749991
66,66,0.10429701531249992
67,67,0.10409760281250002
68,68,0.10579973093750016
69,69,0.1057819262500001
70,70,0.10304356531250011
71,71,0.09997759812499996
72,72,0.0987205871874999
73,73,0.10043339812500014
74,74,0.10074676062499988
75,75,0.10010579187499988
76,76,0.09921199656250003
77,77,0.10466735281250003
78,78,0.16343572639999998
79,79,0.23430684343750002
80,80,0.25526296062500015
81,81,0.27138688562499996
82,82,0.27422495281249987
83,83,0.2724373621875001
84,84,0.27779657312500033
85,85,0.2748552387499999
86,86,0.2661985996875001
87,87,0.26037646687500005
88,88,0.2593758434374996
89,89,0.25754196062500023
90,90,0.2522860168749999
91,91,0.246332129375
92,92,0.24029990125000006
93,93,0.23521488250000006
94,94,0.23058210281249997
95,95,0.22657604812500023
96,96,0.22847046687500006
97,97,0.23320651375000018
98,98,0.23308188093749993
99,99,0.22988059812499997
100,100,0.22427212156249993
101,101,0.2169864434375001
102,102,0.21721078249999992
103,103,0.22840993093750012
104,104,0.23468786374999967
105,105,0.23460596218750002
106,106,0.23150438562499995
107,107,0.22628405124999992
108,108,0.22140556687499977
109,109,0.21673717781250004
110,110,0.2120296184375
111,111,0.20762117781250006
112,112,0.2029670325
113,113,0.19859420125
114,114,0.19399703093749993
115,115,0.19014765749999987
116,116,0.18685022937499993
117,117,0.18337831531250004
118,118,0.18040849343749993
119,119,0.18009869187499994
120,120,0.18158360281250024
121,121,0.17917996999999986
122,122,0.17635258562499972
123,123,0.17428368093750016
124,124,0.17568312937500002
125,125,0.20412077624999994
126,126,0.24556296687500004
127,127,0.27015124031249993
128,128,0.27574547312500014
129,129,0.26859867156250006
130,130,0.2568155293750001
131,131,0.24791318562499984
132,132,0.2409088215625003
133,133,0.25394541375000007
134,134,0.2703898231249999
135,135,0.27634371062499996
136,136,0.27588078875000005
137,137,0.2750938215625001
138,138,0.2691399340625001
139,139,0.26053398929133864
140,140,0.2546326746875001
141,141,0.24473326843749987
142,142,0.23850874968750005
143,143,0.2335341199999999
144,144,0.2317251637499999
145,145,0.22960640593750004
146,146,0.22591015281249996
147,147,0.22227443562500002
148,148,0.21795145750000008
149,149,0.21484275906250017
150,150,0.21720366062500002
151,151,0.22542230437500047
152,152,0.229609966875
153,153,0.23004796218749995
154,154,0.22691077625000003
155,155,0.22285486843750005
156,156,0.21854613406249984
157,157,0.21479646687499993
158,158,0.21185869343749988
159,159,0.20760693406250014
160,160,0.20472613562500014
161,161,0.20085183562499972
162,162,0.19808854812499993
163,163,0.19547125906250024
164,164,0.1924159746875003
165,165,0.19119813406250016
166,166,0.19326347781249956
167,167,0.19281479968749976
168,168,0.19055716531249994
169,169,0.1874591496875
170,170,0.18391245593749997
171,171,0.1804654684374999
172,172,0.17743511062499998
173,173,0.1743477778125
174,174,0.1711642996875001
175,175,0.1684330606250002
176,176,0.16513563250000027
177,177,0.1619557153125003
178,178,0.15865472625000002
179,179,0.15549261375000006
180,180,0.1524586949999999
181,181,0.14954584812499974
182,182,0.14660451374999983
183,183,0.14341747468749988
184,184,0.14059365125000026
185,185,0.1392689824999998
186,186,0.13831821218749996
187,187,0.14026248406249983
188,188,0.1433213293750001
189,189,0.14334269500000002
190,190,0.14132720437500013
191,191,0.13835738250000024
192,192,0.1349424434375
193,193,0.13133521375
194,194,0.1281552965625001
195,195,0.12521396218749986
196,196,0.1225254543749999
197,197,0.1240744621875
198,198,0.12847934187500012
199,199,0.12958300818897633
200,200,0.1279665668750001
201,201,0.12485786843749987
202,202,0.12109039656250005
203,203,0.1208162043749999
204,204,0.12835827000000005
205,205,0.13513117312500017
206,206,0.13552643718749985
207,207,0.13232871531249996
208,208,0.12811968718750008
209,209,0.12662409343750006
210,210,0.12840100124999998
211,211,0.1279202746875001
212,212,0.12472967468749989
213,213,0.12093015437500006
214,214,0.11709146375000018
215,215,0.1132634559375001
216,216,0.11017256218750004
217,217,0.10711015593750012
218,218,0.10536173562500005
219,219,0.1060169481249999
220,220,0.10799326843749985
221,221,0.10840633718750024
222,222,0.10807873093749994
223,223,0.1109025543750001
224,224,0.1160872793749999
225,225,0.11999362781249988
226,226,0.13294119656250003
227,227,0.14405488249999995
228,228,0.152294891875
229,229,0.1687143746875
230,230,0.18336407156249993
231,231,0.1881606543750001
232,232,0.18880518406250008
233,233,0.18204652468750002
234,234,0.17337208093749998
235,235,0.16602942781249988
236,236,0.1599509074999999
237,237,0.15118031843750018
238,238,0.1468822668749999
239,239,0.14304001531250005
240,240,0.14023399656249996
241,241,0.13583623874999987
242,242,0.1325851028124999
243,243,0.13407357468749995
244,244,0.13978887937500017
245,245,0.14179368718750004
246,246,0.14654397781250003
247,247,0.15600182781250024
248,248,0.15913901374999975
249,249,0.1593989621875001
250,250,0.15667840593749993
251,251,0.15244445124999986
252,252,0.14763006375000007
253,253,0.14304357624999994
254,254,0.13895205906249997
255,255,0.135059954375
256,256,0.13167706374999993
257,257,0.1287677778124998
258,258,0.1256519574999999
259,259,0.12246965700787395
260,260,0.11943812156249996
261,261,0.11646117781250012
262,262,0.11366940281250021
263,263,0.11125508718749999
264,264,0.10889774656249994
265,265,0.10655464968750016
266,266,0.10430769812500006
267,267,0.10188982156249995
268,268,0.09953248093750007
269,269,0.09724991999999999
270,270,0.09545520750000003
271,271,0.09348957000000006
272,272,0.09118208249999986
273,273,0.08922712781250008
274,274,0.08738256218750001
275,275,0.08556648406250007
276,276,0.08418127937499996
277,277,0.08405664656249992
278,278,0.08298124343749996
279,279,0.08128979812499991
280,280,0.07955918250000012
281,281,0.0775864231249999
282,282,0.07544629968750007
283,283,0.07350202781250012
284,284,0.07211682312499998
285,285,0.08291358562500004
286,286,0.10459257312499999
287,287,0.11971587468749996
288,288,0.12472255281250011
289,289,0.12677721374999998
290,290,0.14951023875
291,291,0.1925975825
292,292,0.23072454031249998
293,293,0.2546967715625002
294,294,0.26240620124999997
295,295,0.25375312312500004
296,296,0.23841260437500003
297,297,0.22511606374999993
298,298,0.2129625840625
299,299,0.2017207043749999
300,300,0.19225217156250002
301,301,0.18433264656250012
302,302,0.1774208668749999
303,303,0.17110020281249996
304,304,0.16577660125000016
305,305,0.16132899031250011
306,306,0.15752590906250025
307,307,0.15432106531250003
308,308,0.15310322468750015
309,309,0.15766834656249987
310,310,0.1607378746874999
311,311,0.1591781840624999
312,312,0.16282102312500019
313,313,0.16880339812499998
314,314,0.1738314418749999
315,315,0.17402017156250013
316,316,0.17124620125
317,317,0.1672294637499999
318,318,0.16376467156250002
319,319,0.16101918875000004
320,320,0.1601951527868851
321,321,0.1600221262499999
322,322,0.15830219343750007
323,323,0.15575612312500003
324,324,0.1525975715624997
325,325,0.15093461375000009
326,326,0.14522643093749993
327,327,0.14335693874999997
328,328,0.16034261062499994
329,329,0.20068447156249994
330,330,0.2338439215625
331,331,0.24464424499999968
332,332,0.242301148125
333,333,0.23426411218750012
334,334,0.2232714981249999
335,335,0.21179815750000006
336,336,0.2016779731249999
337,337,0.1934308418749999
338,338,0.18664725593750003
339,339,0.18142336062500009
340,340,0.18654754968750004
341,341,0.196493248125
342,342,0.19933843718750022
343,343,0.1973585559374998
344,344,0.19229846375000004
345,345,0.1867469621875001
346,346,0.18186847781249996
347,347,0.17778764343750006
348,348,0.17439763093750013
349,349,0.17205097312499995
350,350,0.1709542043749998
351,351,0.17341125124999993
352,352,0.1746647012499999
353,353,0.17347890906249955
354,354,0.1721293137500002
355,355,0.17023845593749964
356,356,0.16812682000000023
357,357,0.16596177000000004
358,358,0.16389286531249986
359,359,0.16176698562500044
360,360,0.15970169795275593
361,361,0.1580137575
362,362,0.15354478093750001
363,363,0.15100227156250007
364,364,0.14967760281249998
365,365,0.1483671778125002
366,366,0.14655466062499994
367,367,0.14460682781249987
368,368,0.1426091418749998
369,369,0.1419824168750001
370,370,0.14654041687500008
371,371,0.15073520124999998
372,372,0.15169309343749968
373,373,0.15079217625
374,374,0.14889775749999992
375,375,0.1465226121874999
376,376,0.14419375906250026
377,377,0.1418471012499999
378,378,0.1400452668750001
379,379,0.13870279343750005
380,380,0.13681479559055132
381,381,0.13335782625000003
382,382,0.12877846062499992
383,383,0.1271760387500002
384,384,0.12556293406249988
385,385,0.12394270749999987
386,386,0.12221565281249994
387,387,0.12089810593749988
388,388,0.11961972937500005
389,389,0.1181312575000001
390,390,0.11660005437500015
391,391,0.11482670749999986
392,392,0.11321360281250017
393,393,0.11236966062499999
394,394,0.10980222468750002
395,395,0.10877667468749995
396,396,0.1067611840625002
397,397,0.10521573718749994
398,398,0.10499495906250018
399,399,0.10891199031249976
400,400,0.11140108562500001
401,401,0.1119494699999999
402,402,0.11123372156250001
403,403,0.10930725437500005
404,404,0.1071172778125
405,405,0.10467091374999997
406,406,0.10232425593750001
407,407,0.09995979343749989
408,408,0.09769147624999991
409,409,0.09544808562500004
410,410,0.09352161843750005
411,411,0.0913173981249999
412,412,0.0893588825000001
413,413,0.08743953718749997
414,414,0.08550950906250009
415,415,0.0836827481250001
416,416,0.08710124812499999
417,417,0.10239191375
418,418,0.115674210625
419,419,0.12253613718749981
420,420,0.122724866875
421,421,0.11785706531250004
422,422,0.11163254656249992
423,423,0.10563948874999994
424,424,0.10056871374999997
425,425,0.09634188093750014
426,426,0.092542360625
427,427,0.08921288406250007
428,428,0.08652081531249996
429,429,0.08410293874999991
430,430,0.08180257312499999
431,431,0.07962684031250011
432,432,0.07782856687499994
433,433,0.07808851531250008
434,434,0.07884343406250001
435,435,0.08172067156250004
436,436,0.08512136687499998
437,437,0.08567331218749988
438,438,0.08486497937499993
439,439,0.08304177937500005
440,440,0.08064170750000002
441,441,0.07810270253968243
442,442,0.07568488250000006
443,443,0.07292515593750004
444,444,0.07043249968750005
445,445,0.06780808874999987
446,446,0.06548279656250003
447,447,0.06307560281250015
448,448,0.060771676249999906
449,449,0.05841433562499997
450,450,0.056288455937500155
451,451,0.05434062312499991
452,452,0.052357180937500046
453,453,0.05056602937499986
454,454,0.04897072937500007
455,455,0.04729352781249991
456,456,0.04591900593750008
457,457,0.04438424187499991
458,458,0.042322459062500054
459,459,0.04256816374999996
460,460,0.043469080937499995
461,461,0.04490413875000008
462,462,0.04450887468750002
463,463,0.04356878718749988
464,464,0.04210168093750001
465,465,0.040620330937499935
466,466,0.03919951687500009
467,467,0.037992359062500064
468,468,0.036518130937499955
469,469,0.035193462187499955
470,470,0.03391152468749996
471,471,0.03266519656250004
472,472,0.031547062187500044
473,473,0.0300479075
474,474,0.028477534062499945
475,475,0.026775405937499937
476,476,0.025529077812499985
477,477,0.025026985624999977
478,478,0.024086898125000027
479,479,0.02251652468750002
480,480,0.020853566875000003
481,481,0.019197730937500015
482,482,0.017680771562500003
483,483,0.016138885625000023
484,484,0.0148533871875
485,485,0.013820715312500002
486,486,0.012670532499999993
487,487,0.011352985625000004
488,488,0.010042560625000004
489,489,0.008653795
490,490,0.007083421562499985
491,491,0.004793738749999997
492,492,0.004088673125000001
493,493,0.0032304871874999914
494,494,0.002326009062500006
495,495,0.0009763912499999984
496,496,-0.0003515581250000001
497,497,-0.0016942868750000005
498,498,-0.0028373503124999953
499,499,-0.003538854999999997
500,500,-0.00452167375
501,501,-0.006191155199999988
502,502,-0.007790614374999998
503,503,-0.009158014375000004
504,504,-0.010892190937500008
505,505,-0.012480369062499996
506,506,-0.014047181562500004
507,507,-0.016076915937499978
508,508,-0.018227722187499993
509,509,-0.018430695624999986
510,510,-0.017045490937499984
511,511,-0.017430072187500003
512,512,-0.019862192500000018
513,513,-0.020150628437500023
514,514,-0.020980326874999972
515,515,-0.02100169249999996
516,516,-0.0202610175
517,517,-0.019174931562499994
518,518,-0.01907878624999999
519,519,-0.01971263312500002
520,520,-0.020919790937499974
521,521,-0.020980326874999976
522,522,-0.018801033124999995
523,523,-0.009350305000000012
524,524,0.0009977987499999994
525,525,0.0065101106249999905
526,526,0.00742527156249999
527,527,0.004191940312500003
528,528,0.00014678187499999953
529,529,-0.0032183706249999987
530,530,-0.006284337812499991
531,531,-0.009254159687500008
532,532,-0.01204949562500001
533,533,-0.014574200312500014
534,534,-0.016881687812499983
535,535,-0.019014689375
536,536,-0.02094827843750001
537,537,-0.022707381562500028
538,538,-0.02449497218749999
539,539,-0.026204222187499994
540,540,-0.02766776749999997
541,541,-0.029181165937499993
542,542,-0.03076578312500001
543,543,-0.03153138468750005
544,544,-0.03279551750000001
545,545,-0.02835502843749998
546,546,-0.022639723749999993
547,547,-0.019741120624999983
548,548,-0.018501914375000005
549,549,-0.019328051875000012
550,550,-0.020339358124999977
551,551,-0.02076310968750003
552,552,-0.01970195031249999
553,553,-0.019844387812500038
554,554,-0.020681208124999993
555,555,-0.02213407062499997
556,556,-0.023551323750000047
557,557,-0.025335353437499958
558,558,-0.02648197531249998
559,559,-0.021496662812499984
560,560,-0.016254962812500027
561,561,-0.014962342500000024
562,562,-0.015443938267716562
563,563,-0.018576694062500006
564,564,-0.0207702315625
565,565,-0.022604114375000015
566,566,-0.024423753437499997
567,567,-0.026133003437499993
568,568,-0.027753229999999983
569,569,-0.029074337812499983
570,570,-0.03050939562500007
571,571,-0.031837625312500055
572,572,-0.03258898312499999
573,573,-0.03150645812499999
574,574,-0.026022614374999985
575,575,-0.0013631031250000022
576,576,0.026693504374999986
577,577,0.04305601218749999
578,578,0.045000284062499916
579,579,0.04330171687499986
580,580,0.040641696562500024
581,581,0.03656798406250003
582,582,0.03125150437500001
583,583,0.024521332500000027
584,584,0.019731871562499982
585,585,0.014568512187500009
586,586,0.01211502625000001
587,587,0.013407646562499988
588,588,0.011826590312500017
589,589,0.011338741875000006
590,590,0.0096615403125
591,591,0.005345684062500012
592,592,0.0021871325000000054
593,593,0.0013859190625000004
594,594,0.006958788749999998
595,595,0.03060341375
596,596,0.0593010090625
597,597,0.08464064031250002
598,598,0.10431481999999995
599,599,0.11155064499999985
600,600,0.11053933874999994
601,601,0.11348779500000004
602,602,0.11587362312500002
603,603,0.121357466875
604,604,0.12887460593750008
605,605,0.1332972903124999
606,606,0.13523444031250006
607,607,0.13701134812500013
608,608,0.14162276218749978
609,609,0.14823542312499988
610,610,0.15052154499999992
611,611,0.15012984187499998
612,612,0.1534735621875
613,613,0.1658691856249999
614,614,0.19794254968750008
615,615,0.22959572312499998
616,616,0.24532794499999994
617,617,0.24743958093750018
618,618,0.2487713715625001
619,619,0.27015480125
620,620,0.2919548606249998
621,621,0.3086734621874999
622,622,0.3169203971653542
623,623,0.3200720231249997
624,624,0.32555942781249997
625,625,0.3243059778125001
626,626,0.32016816843749957
627,627,0.3160944559375004
628,628,0.31391160124999995
629,629,0.31021178718750053
630,630,0.3061736840625003
631,631,0.3026732825
632,632,0.2991728809375003
633,633,0.2984250840624998
634,634,0.3053831559375
635,635,0.31119104499999944
636,636,0.31106285125
637,637,0.31219879031250003
638,638,0.3347573293750001
639,639,0.3651926621875
640,640,0.38470659968749993
641,641,0.3891613325
642,642,0.3819290684374998
643,643,0.3701672918749999
644,644,0.35922453093749995
645,645,0.3522379715625003
646,646,0.3555674481250001
647,647,0.36572680281250025
648,648,0.3703346559375
649,649,0.3691488637500001
650,650,0.36570543718749987
651,651,0.36649952624999993
652,652,0.38105307781250014
653,653,0.3905963903125005
654,654,0.3925798325000004
655,655,0.3890651871875001
656,656,0.3827943762499999
657,657,0.37758116374999995
658,658,0.37332584343749975
659,659,0.36961178562499963
660,660,0.37022426687499976
661,661,0.38582117312499975
662,662,0.37985304187499974
663,663,0.3730943824999998
664,664,0.36967232156249985
665,665,0.3732403809375008
666,666,0.3747929496875005
667,667,0.3747288528125008
668,668,0.37404871374999965
669,669,0.3733294043749995
670,670,0.3730765778124994
671,671,0.37355730437499995
672,672,0.37344691531249985
673,673,0.3727311668749994
674,674,0.3734754028125001
675,675,0.3740772012499999
676,676,0.3732154543749995
677,677,0.3725531200000001
678,678,0.37113586687500016
679,679,0.36987529499999994
680,680,0.3700319762500005
681,681,0.3686040403125005
682,682,0.36722951843749996
683,683,0.36597093732283437
684,684,0.3645659371874998
685,685,0.36280327312499966
686,686,0.3611153887499995
687,687,0.35924945749999954
688,688,0.35770044968750014
689,689,0.35566359343749976
690,690,0.3528931840625002
691,691,0.3505607700000005
692,692,0.3490473715624999
693,693,0.34720280593750036
694,694,0.345368923125
695,695,0.34885152
696,696,0.3700177324999998
697,697,0.39237685906249997
698,698,0.4052033559374998
699,699,0.4079381559375001
700,700,0.4025575793750003
701,701,0.3944137153125001
702,702,0.3863980449999998
703,703,0.3796714340625
704,704,0.3736890590624998
705,705,0.36826931218749975
706,706,0.3621338168749998
707,707,0.3573870871875005
708,708,0.35380834499999997
709,709,0.35048955124999986
710,710,0.34924322312499995
711,711,0.3478437746875003
712,712,0.3442507887500001
713,713,0.34158008562499953
714,714,0.33945064500000044
715,715,0.3372820340624998
716,716,0.3355763449999998
717,717,0.33309081062500057
718,718,0.3306907387499996
719,719,0.3282158871875002
720,720,0.3281517903124999
721,721,0.3329376903124998
722,722,0.33584697624999993
723,723,0.3357971231249999
724,724,0.3347680121875001
725,725,0.3333187106250005
726,726,0.3305518621874999
727,727,0.3276817465624999
728,728,0.3252353825000001
729,729,0.32249346062499995
730,730,0.320470848125
731,731,0.3186761356249999
732,732,0.3165538168749998
733,733,0.31413594031250014
734,734,0.3116112356249995
735,735,0.3094853559375002
736,736,0.30785088562499946
737,737,0.3060134418750001
738,738,0.3044501903125001
739,739,0.3025237231250004
740,740,0.30044769656249976
741,741,0.2981402090625002
742,742,0.29642027624999995
743,743,0.2944412993650794
744,744,0.2926634871875003
745,745,0.29112872312500016
746,746,0.29037736531249964
747,747,0.28985034656249986
748,748,0.28896367312499976
749,749,0.2875464199999999
750,750,0.28589770593749975
751,751,0.28415640749999965
752,752,0.28250057156249997
753,753,0.2808518574999997
754,754,0.27959484656249994
755,755,0.2770808246874999
756,756,0.27500123718750014
757,757,0.27292877156249945
758,758,0.2936605496875
759,759,0.37666244187500003
760,760,0.467922148125
761,761,0.5275856559375
762,762,0.5429867106250007
763,763,0.5376951575
764,764,0.5243736903125001
765,765,0.5111448075000001
766,766,0.49826845749999993
767,767,0.4855737153125002
768,768,0.48031777156249933
769,769,0.473206579375
770,770,0.46396950749999977
771,771,0.4576880137499999
772,772,0.4531798668749998
773,773,0.4487999137500004
774,774,0.4447119574999998
775,775,0.4396269387499997
776,776,0.43473421062500023
777,777,0.43094893406250007
778,778,0.4263766903125002
779,779,0.4209177731249999
780,780,0.4154552949999997
781,781,0.41021715593749986
782,782,0.40540989031249985
783,783,0.4009444746875002
784,784,0.39668559343750004
785,785,0.39220593406249976
786,786,0.38795417468750054
787,787,0.3841012403125001
788,788,0.3816441934375001
789,789,0.38083586062499997
790,790,0.3789165153124996
791,791,0.37588615750000004
792,792,0.37254599812499983
793,793,0.3693055450000001
794,794,0.3656342184375
795,795,0.3621444996875
796,796,0.3592174090624997
797,797,0.36095514656249983
798,798,0.37722507000000016
799,799,0.3920813012499998
800,800,0.40011833718750006
801,801,0.4008412075
802,802,0.3953146325000003
803,803,0.38792568718750003
804,804,0.3814537814173224
805,805,0.3754481621875001
806,806,0.3677565371874998
807,807,0.36265371375000005
808,808,0.3583983934374999
809,809,0.35419648718750024
810,810,0.3507530606250002
811,811,0.34808947937499995
812,812,0.3455968231249998
813,813,0.3446068824999997
814,814,0.3441653262500008
815,815,0.34296885124999965
816,816,0.34217476218749937
817,817,0.34299733875000027
818,818,0.3440727418750005
819,819,0.3440050840625008
820,820,0.3430436309374997
821,821,0.3411990653125002
822,822,0.3388808950000002
823,823,0.3364167262500002
824,824,0.33411279968749996
825,825,0.33140648718750004
826,826,0.32882836843749996
827,827,0.32627517624999997
828,828,0.3237753981250002
829,829,0.32153912937499984
830,830,0.31947378562499984
831,831,0.31744761218749956
832,832,0.3154962184375005
833,833,0.3147697871875001
834,834,0.3141964762499996
835,835,0.3132563887499998
836,836,0.3117928434374999
837,837,0.3097453043749999
838,838,0.30791854343749947
839,839,0.3062840731250002
840,840,0.3057428106250002
841,841,0.30776186218749996
842,842,0.30883014343750037
843,843,0.30878741218750055
844,844,0.3075838153124996
845,845,0.3055149106250002
846,846,0.30353146843749973
847,847,0.3016512934374999
848,848,0.29979960593750016
849,849,0.2976666043750003
850,850,0.29588613562500016
851,851,0.29407005749999976
852,852,0.29211866374999973
853,853,0.2908189215625002
854,854,0.2905910215624997
855,855,0.2953235074999999
856,856,0.30638734031250003
857,857,0.3350813746875
858,858,0.3754837715625001
859,859,0.40064891687500004
860,860,0.40764259812499964
861,861,0.4033943996874998
862,862,0.392031448125
863,863,0.37861383562499995
864,864,0.3699547011023621
865,865,0.36995719656250015
866,866,0.37106464812499934
867,867,0.3724142434374995
868,868,0.37184093250000017
869,869,0.3689458903125
870,870,0.36481164187500004
871,871,0.36073792937500004
872,872,0.35776098562500036
873,873,0.35647192624999985
874,874,0.35594846843749983
875,875,0.35503330749999995
876,876,0.3531246449999997
877,877,0.35102013093750056
878,878,0.3490758590624998
879,879,0.34702831999999995
880,880,0.3447991731250001
881,881,0.3425949528125001
882,882,0.34033731843749954
883,883,0.3381651465625003
884,884,0.33615677781250003
885,885,0.3343869918750001
886,886,0.3323002824999996
887,887,0.3300853793750003
888,888,0.328547054375
889,889,0.3303809371874999
890,890,0.33129965906249964
891,891,0.3317732637500001
892,892,0.36520334500000007
893,893,0.4357953699999998
894,894,0.4855986418749999
895,895,0.5148196949999999
896,896,0.5557918418750003
897,897,0.618962873125
898,898,0.6719638668750002
899,899,0.695512346562499
900,900,0.6973319856249998
901,901,0.6872580934374999
902,902,0.6785088699999999
903,903,0.6649666246875
904,904,0.6407380059374999
905,905,0.622424104375
906,906,0.6118196325000008
907,907,0.6064390559375004
908,908,0.6008875543749993
909,909,0.5949229840624999
910,910,0.59029732625
911,911,0.5937621184375
912,912,0.5900836699999997
913,913,0.5854330856250001
914,914,0.580704160625001
915,915,0.5751277324999998
916,916,0.5693732575000001
917,917,0.5654526653124997
918,918,0.5556031121875005
919,919,0.5548588762500006
920,920,0.5560375465625004
921,921,0.5540612262499999
922,922,0.5558310121874999
923,923,0.5918356512499998
924,924,0.64148936375
925,925,0.6744555057142861
926,926,0.6820484418750002
927,927,0.6754500246875005
928,928,0.6647565293749997
929,929,0.6551491199999996
930,930,0.6465957481249999
931,931,0.6403071324999993
932,932,0.6381456434374994
933,933,0.6327971153124998
934,934,0.6262449903124997
935,935,0.6195824762500001
936,936,0.61422682625
937,937,0.6090314184375004
938,938,0.6047654153124997
939,939,0.6007629215625
940,940,0.5964541871875004
941,941,0.591828529375
942,942,0.5843149512499993
943,943,0.5773996106249998
944,944,0.5708546075000002
945,945,0.5638787309375004
946,946,0.5614750981250004
947,947,0.5586940059374994
948,948,0.5553111153125004
949,949,0.5514653028125
950,950,0.5483530434374999
951,951,0.5456752184374999
952,952,0.5431220262499996
953,953,0.5419967699999988
954,954,0.5417973574999991
955,955,0.5411065356250001
956,956,0.539610941875
957,957,0.5371538950000003
958,958,0.5343514371874997
959,959,0.5313139575000002
960,960,0.5279486192125984
961,961,0.5246371996875
962,962,0.5215925981249998
963,963,0.5193064762500003
964,964,0.5188008231250003
965,965,0.5202216371875007
966,966,0.5203320262499994
967,967,0.5190465278124996
968,968,0.5170096715624997
969,969,0.5144636012500006
970,970,0.5117537278124998
971,971,0.5090616590625001
972,972,0.5059565215624996
973,973,0.5030757231249998
974,974,0.4999420981249996
975,975,0.4966553528125003
976,976,0.49332587624999985
977,977,0.4899963996875003
978,978,0.4864105356249996
979,979,0.4831772043750002
980,980,0.48005782312499995
981,981,0.4769989778124993
982,982,0.4743318356250001
983,983,0.4714154278125007
984,984,0.46891921062499975
985,985,0.4670568986885242
986,986,0.46654050437500033
987,987,0.4656823184374998
988,988,0.46414399343749974
989,989,0.4622495746874993
990,990,0.45986018562500025
991,991,0.45738889499999946
992,992,0.4550422371875002
993,993,0.4527311887499993
994,994,0.45037384812500014
995,995,0.44789899656250026
996,996,0.44700164031249945
997,997,0.4477351934375002
998,998,0.4470586153125003
999,999,0.44729007625000083
1000,1000,0.44586926218749945
1001,1001,0.44395703875000037
1002,1002,0.44164955125000027
1003,1003,0.4397871809374995
1004,1004,0.43715208718750004
1005,1005,0.4340683153125
1006,1006,0.43121244343750004
1007,1007,0.42838505906249924
1008,1008,0.4258852809374998
1009,1009,0.42332496687500076
1010,1010,0.4208323106249997
1011,1011,0.4183360934375004
1012,1012,0.4158683637499995
1013,1013,0.4134398043750003
1014,1014,0.4110717809375002
1015,1015,0.41059461531250013
1016,1016,0.4205474356250001
1017,1017,0.4342036309374998
1018,1018,0.44075931687500025
1019,1019,0.4428389043750005
1020,1020,0.4410833621875
1021,1021,0.43593780750000033
1022,1022,0.4305750356250001
1023,1023,0.42617015593750035
1024,1024,0.42237775749999956
1025,1025,0.41838238562500035
1026,1026,0.41449384187499966
1027,1027,0.4114385575000004
1028,1028,0.4076853293749999
1029,1029,0.4044270715624995
1030,1030,0.4009302309375004
1031,1031,0.40072369656250056
1032,1032,0.4020127559374996
1033,1033,0.4019486590624996
1034,1034,0.4009978887499997
1035,1035,0.3991960543750008
1036,1036,0.39876874187499994
1037,1037,0.39917468875000045
1038,1038,0.3981954309374997
1039,1039,0.39615501374999995
1040,1040,0.3936694793750002
1041,1041,0.39077087625
1042,1042,0.38799334500000054
1043,1043,0.3851196684374997
1044,1044,0.3825985246875001
1045,1045,0.38009162468749896
1046,1046,0.37679529007874024
1047,1047,0.3738065699999994
1048,1048,0.37154893562500035
1049,1049,0.3691381809375002
1050,1050,0.3666419637500001
1051,1051,0.36427037937500023
1052,1052,0.3617599184375
1053,1053,0.35922453093749984
1054,1054,0.35667133874999996
1055,1055,0.35434248562500015
1056,1056,0.35206704656250015
1057,1057,0.34952097624999956
1058,1058,0.3473986575000005
1059,1059,0.34576418718750035
1060,1060,0.34641583875000004
1061,1061,0.35048242937499985
1062,1062,0.3536409809374996
1063,1063,0.35377273562499983
1064,1064,0.35246231062500044
1065,1065,0.3502580903124999
1066,1066,0.3479719684375001
1067,1067,0.34565735906249984
1068,1068,0.34296885124999993
1069,1069,0.34025541687500016
1070,1070,0.33743515437499977
1071,1071,0.3346540621875001
1072,1072,0.33184804343749946
1073,1073,0.32935538718749974
1074,1074,0.32659922156250015
1075,1075,0.3238288121875001
1076,1076,0.3212791809374998
1077,1077,0.3186512090625002
1078,1078,0.3161122606250001
1079,1079,0.31382969968750035
1080,1080,0.3114937246874995
1081,1081,0.3090224340625004
1082,1082,0.3066259231249998
1083,1083,0.3041938028125002
1084,1084,0.3018222184374998
1085,1085,0.2995004871875004
1086,1086,0.2971431465624998
1087,1087,0.294618441875
1088,1088,0.2923180762499997
1089,1089,0.2899642965625003
1090,1090,0.2876176387499997
1091,1091,0.28538849187500037
1092,1092,0.2832234418749999
1093,1093,0.28084473562499984
1094,1094,0.2765822934375001
1095,1095,0.2752291371875
1096,1096,0.27358398406250023
1097,1097,0.27465582625
1098,1098,0.28113673250000015
1099,1099,0.28738261687500016
1100,1100,0.29068716687500024
1101,1101,0.2909934075000002
1102,1102,0.29454366218749994
1103,1103,0.29730338875000023
1104,1104,0.2972321700000002
1105,1105,0.29576150281249997
1106,1106,0.2928024759055118
1107,1107,0.2897435184374999
1108,1108,0.28588702312500003
1109,1109,0.28239374343750007
1110,1110,0.2793064106250004
1111,1111,0.2765431231250001
1112,1112,0.2738047621875003
1113,1113,0.271344154375
1114,1114,0.26905091062499986
1115,1115,0.2670995168750002
1116,1116,0.26532973093749984
1117,1117,0.2635350184374998
1118,1118,0.26105660593750035
1119,1119,0.25921204031249995
1120,1120,0.25786956687500057
1121,1121,0.25687250437499964
1122,1122,0.2570149418750002
1123,1123,0.2614625528125004
1124,1124,0.26165840437500015
1125,1125,0.26162635593749994
1126,1126,0.26128806687500006
1127,1127,0.2634139465625003
1128,1128,0.2652656340625002
1129,1129,0.2649522715625002
1130,1130,0.26435047312499993
1131,1131,0.2633035574999996
1132,1132,0.2622103496875001
1133,1133,0.26210352156250016
1134,1134,0.2615907465624998
1135,1135,0.26047261218749995
1136,1136,0.25895921374999986
1137,1137,0.25721435437499995
1138,1138,0.25529144812500004
1139,1139,0.2536747824999998
1140,1140,0.2521364574999999
1141,1141,0.2504699387499998
1142,1142,0.24939453562500033
1143,1143,0.24878917624999966
1144,1144,0.24788113718750013
1145,1145,0.24730782624999992
1146,1146,0.2507975450000001
1147,1147,0.2541661918750003
1148,1148,0.2552258932283464
1149,1149,0.2548961840625001
1150,1150,0.2535002965624999
1151,1151,0.25202606843750003
1152,1152,0.25050198718749983
1153,1153,0.2493838528125003
1154,1154,0.24864673874999949
1155,1155,0.24780991843750017
1156,1156,0.24710485281249978
1157,1157,0.2565377762499999
1158,1158,0.28524249343749997
1159,1159,0.31152933406249983
1160,1160,0.3230489668750001
1161,1161,0.32523538249999995
1162,1162,0.3198334403124999
1163,1163,0.3110379246875
1164,1164,0.30089281375000015
1165,1165,0.295017266875
1166,1166,0.2993865371875002
1167,1167,0.3070435341732283
1168,1168,0.31199937781250026
1169,1169,0.3127899059375004
1170,1170,0.332962616875
1171,1171,0.3937193324999999
1172,1172,0.46288698249999993
1173,1173,0.5168779168749997
1174,1174,0.5483494825
1175,1175,0.5501406340624999
1176,1176,0.5429867106249998
1177,1177,0.53437636375
1178,1178,0.5266135200000003
1179,1179,0.5180637090624998
1180,1180,0.5086699559375003
1181,1181,0.5021819278125003
1182,1182,0.5022567075000002
1183,1183,0.5159912434374997
1184,1184,0.5487732340625001
1185,1185,0.5871850668750005
1186,1186,0.61958247625
1187,1187,0.6467844778125001
1188,1188,0.6586495215625
1189,1189,0.6580156746875002
1190,1190,0.6468414528124999
1191,1191,0.6295815887500004
1192,1192,0.6184109278124996
1193,1193,0.6127632809374993
1194,1194,0.6066740778125002
1195,1195,0.6008341403124996
1196,1196,0.5962725793750003
1197,1197,0.6057090637500001
1198,1198,0.6268076184375
1199,1199,0.6438431434374999
1200,1200,0.6628193793750005
1201,1201,0.664037220000001
1202,1202,0.6586495215625001
1203,1203,0.6507335574999998
1204,1204,0.642621741875
1205,1205,0.6357918637499997
1206,1206,0.6323199496874996
1207,1207,0.6307353325000004
1208,1208,0.6293786153124998
1209,1209,0.6267150340624996
1210,1210,0.6210638262500003
1211,1211,0.6158150043750008
1212,1212,0.6141271199999997
1213,1213,0.6123929434374996
1214,1214,0.6124606012500005
1215,1215,0.6185141950000003
1216,1216,0.6307460153125
1217,1217,0.6398905028124993
1218,1218,0.6427036434375005
1219,1219,0.6415285340625007
1220,1220,0.6379248653124996
1221,1221,0.6337015934375012
1222,1222,0.62966705125
1223,1223,0.6254971934374999
1224,1224,0.6207825121874992
1225,1225,0.616178220000001
1226,1226,0.6130481559374997
1227,1227,0.6097306239370088
1228,1228,0.6081411840625001
1229,1229,0.6095228278125004
1230,1230,0.6165521184375
1231,1231,0.6199314481249999
1232,1232,0.6204335403125001
1233,1233,0.6195290621875005
1234,1234,0.6181865887500001
1235,1235,0.6169651871875004
1236,1236,0.6166482637500007
1237,1237,0.6143941903125
1238,1238,0.6137781481249999
1239,1239,0.6113958809375001
1240,1240,0.6087251778124994
1241,1241,0.6063678371875002
1242,1242,0.6041280074999992
1243,1243,0.6022976856250006
1244,1244,0.6014181340624997
1245,1245,0.600303560625
1246,1246,0.5983308012500005
1247,1247,0.5961052153124996
1248,1248,0.5935413403125002
1249,1249,0.591276584062499
1250,1250,0.5897952340625008
1251,1251,0.5878046700000003
1252,1252,0.5854829387500007
1253,1253,0.5831362809374999
1254,1254,0.5806685512500005
1255,1255,0.5787919371875005
1256,1256,0.5828941371874998
1257,1257,0.6037184996875
1258,1258,0.6272135653124996
1259,1259,0.6423974028125
1260,1260,0.6479026121875002
1261,1261,0.6580370403125001
1262,1262,0.6801326575000004
1263,1263,0.6946114293750001
1264,1264,0.7031007043749986
1265,1265,0.7066295934375004
1266,1266,0.7017297434374998
1267,1267,0.6954055184375001
1268,1268,0.6878670137500004
1269,1269,0.6795842731249994
1270,1270,0.6735698496875
1271,1271,0.6689335090624999
1272,1272,0.6646354575000011
1273,1273,0.6602982356249996
1274,1274,0.6561283778125
1275,1275,0.6522896871875005
1276,1276,0.64861123875
1277,1277,0.6450787887499992
1278,1278,0.6417920434375004
1279,1279,0.6386441746875
1280,1280,0.6358951309375006
1281,1281,0.6328184809374995
1282,1282,0.6297311481249995
1283,1283,0.6265013778125
1284,1284,0.6233036559375008
1285,1285,0.6207041715625002
1286,1286,0.6198388637500005
1287,1287,0.619639787716536
1288,1288,0.6186673153124995
1289,1289,0.6170933809374992
1290,1290,0.6148393075
1291,1291,0.6130232293750001
1292,1292,0.6114742215625
1293,1293,0.6040781543750002
1294,1294,0.6033730887499994
1295,1295,0.6034086981250002
1296,1296,0.6038217668750003
1297,1297,0.6106231574999998
1298,1298,0.6160785137500006
1299,1299,0.6188168746875006
1300,1300,0.6183325871874997
1301,1301,0.6167052387499996
1302,1302,0.613119374687499
1303,1303,0.6100569684375008
1304,1304,0.6070266106249994
1305,1305,0.6034158200000009
1306,1306,0.59938483875
1307,1307,0.5955069778124997
1308,1308,0.59180716375
1309,1309,0.5882177387500005
1310,1310,0.5845570949999992
1311,1311,0.5809569871875002
1312,1312,0.5771930762499999
1313,1313,0.5729911699999998
1314,1314,0.5694409153124997
1315,1315,0.5665173856249998
1316,1316,0.5635012715624997
1317,1317,0.5607059356249995
1318,1318,0.5586797621874998
1319,1319,0.5565716871875007
1320,1320,0.5551936043750004
1321,1321,0.5530819684374999
1322,1322,0.5508991137499996
1323,1323,0.5485204074999999
1324,1324,0.5457143887499998
1325,1325,0.5429368574999993
1326,1326,0.5402412278125002
1327,1327,0.5375705246875006
1328,1328,0.5352523543749997
1329,1329,0.5338707106250001
1330,1330,0.5333579356249999
1331,1331,0.5317555137500002
1332,1332,0.530811865312501
1333,1333,0.5312284950000004
1334,1334,0.5370506278124997
1335,1335,0.5844751934375001
1336,1336,0.6528024621875003
1337,1337,0.7035849918749999
1338,1338,0.7246336934375002
1339,1339,0.7200614496875
1340,1340,0.7032858731249999
1341,1341,0.6846835356249995
1342,1342,0.6686165856249998
1343,1343,0.6556227246874997
1344,1344,0.6457482450000002
1345,1345,0.6392744606250002
1346,1346,0.6328861387499999
1347,1347,0.6269358121875004
1348,1348,0.6232825987401579
1349,1349,0.6209463153125004
1350,1350,0.6177307887499993
1351,1351,0.6141983387499999
1352,1352,0.6103596481250003
1353,1353,0.6065387621875
1354,1354,0.6028745575000002
1355,1355,0.5991106465624999
1356,1356,0.5953574184374995
1357,1357,0.5917573106249999
1358,1358,0.5879969606250003
1359,1359,0.5845072418749994
1360,1360,0.5814662012499997
1361,1361,0.5790412028125
1362,1362,0.5755728496874999
1363,1363,0.5714136746874992
1364,1364,0.5690136028124998
1365,1365,0.5660402199999996
1366,1366,0.5627890840625006
1367,1367,0.5606026684375004
1368,1368,0.5623866981250004
1369,1369,0.5642205809374997
1370,1370,0.563750537187499
1371,1371,0.5618668012500005
1372,1372,0.5593741450000003
1373,1373,0.5561443746875003
1374,1374,0.5526475340625002
1375,1375,0.5493216184375006
1376,1376,0.5465583309374996
1377,1377,0.5438876278125002
1378,1378,0.5411528278124998
1379,1379,0.543143391875
1380,1380,0.5494248856250002
1381,1381,0.553081968437499
1382,1382,0.5685934121874999
1383,1383,0.6249060778125
1384,1384,0.6851500184375
1385,1385,0.725320954375
1386,1386,0.7349176809375001
1387,1387,0.7233766825000003
1388,1388,0.7043470325
1389,1389,0.685281773125
1390,1390,0.6688480465624999
1391,1391,0.6568476871874996
1392,1392,0.6477566137499996
1393,1393,0.6546256621875
1394,1394,0.6700872528125001
1395,1395,0.6772376153125002
1396,1396,0.6760162137499998
1397,1397,0.6709027075000004
1398,1398,0.6633499590624998
1399,1399,0.6559716965624999
1400,1400,0.6495655699999999
1401,1401,0.6444449418750001
1402,1402,0.6412757074999994
1403,1403,0.6452034215625003
1404,1404,0.6568263215625003
1405,1405,0.663353519999999
1406,1406,0.6634461043750006
1407,1407,0.6599385809375001
1408,1408,0.6548835357480316
1409,1409,0.6497792262499998
1410,1410,0.6441458231249998
1411,1411,0.6395522137499998
1412,1412,0.6387652465624999
1413,1413,0.6412792684374993
1414,1414,0.6409409793749999
1415,1415,0.6368601449999998
1416,1416,0.6340434434374997
1417,1417,0.6330819903125006
1418,1418,0.6309703543749989
1419,1419,0.6267363996875004
1420,1420,0.6282569199999998
1421,1421,0.6254295356249995
1422,1422,0.6223600075000003
1423,1423,0.6199777403124999
1424,1424,0.6172144528124993
1425,1425,0.6144333606249992
1426,1426,0.6120332887499987
1427,1427,0.6099928715625014
1428,1428,0.6084723512499995
1429,1429,0.6056057965625005
1430,1430,0.6036187934375
1431,1431,0.6018027153125
1432,1432,0.6003783403124994
1433,1433,0.5994311309375004
1434,1434,0.6032591387500008
1435,1435,0.6094124387500001
1436,1436,0.6114350512499995
1437,1437,0.614347898125
1438,1438,0.6499394684374996
1439,1439,0.7137585903125
1440,1440,0.75626550125
1441,1441,0.7750779340624998
1442,1442,0.7793225715625
1443,1443,0.7626751887500002
1444,1444,0.7457571746875002
1445,1445,0.7294694465624999
1446,1446,0.7155568637499996
1447,1447,0.7041654246874997
1448,1448,0.6947752325000003
1449,1449,0.6873934090625002
1450,1450,0.6809409903124998
1451,1451,0.6754464637500001
1452,1452,0.6705038825000006
1453,1453,0.6662556840624997
1454,1454,0.660711304375
1455,1455,0.6568619309374997
1456,1456,0.6557046262500007
1457,1457,0.6548428793750003
1458,1458,0.6533935778125005
1459,1459,0.6755675356249997
1460,1460,0.7391124653125
1461,1461,0.7905430856249998
1462,1462,0.8137212278125001
1463,1463,0.8297029184375009
1464,1464,0.8245995512500005
1465,1465,0.8172050200000002
1466,1466,0.8084159574999997
1467,1467,0.7971659574999994
1468,1468,0.7935097074999995
1469,1469,0.8235755908661418
1470,1470,0.8584198637500001
1471,1471,0.8756112700000003
1472,1472,0.8716034574999997
1473,1473,0.8542948637499997
1474,1474,0.8338690825000001
1475,1475,0.816501895
1476,1476,0.8016893949999999
1477,1477,0.7894901762499994
1478,1478,0.782245698125
1479,1479,0.7846568559375001
1480,1480,0.7777237106249993
1481,1481,0.7790234528125
1482,1482,0.7832858949999998
1483,1483,0.7869251731250004
1484,1484,0.7881857450000003
1485,1485,0.7852907028124998
1486,1486,0.7808680184375
1487,1487,0.7754233449999991
1488,1488,0.7700320856250004
1489,1489,0.7637968840625006
1490,1490,0.7594276137499995
1491,1491,0.75412893875
1492,1492,0.7497062543749993
1493,1493,0.7450058168749991
1494,1494,0.7403125012499998
1495,1495,0.7359610356250004
1496,1496,0.731712837187499
1497,1497,0.7280806809375001
1498,1498,0.7244235981249999
1499,1499,0.7205920293750003
1500,1500,0.7167426559374994
1501,1501,0.7128113809375008
1502,1502,0.7089548856249989
1503,1503,0.7053405340624999
1504,1504,0.7021677387500005
1505,1505,0.7019077903125012
1506,1506,0.7013914543749996
1507,1507,0.697303498125
1508,1508,0.6936570981250001
1509,1509,0.690726446562499
1510,1510,0.6874076528124998
1511,1511,0.6840105184375
1512,1512,0.6807558215624991
1513,1513,0.677768195
1514,1514,0.674513498125
1515,1515,0.6717537715625004
1516,1516,0.6693893090625
1517,1517,0.6671957715624992
1518,1518,0.6664764621874998
1519,1519,0.6647173590625
1520,1520,0.6628086965624999
1521,1521,0.6616727574999999
1522,1522,0.6600738965624989
1523,1523,0.6629618168750003
1524,1524,0.6701299840624997
1525,1525,0.6665654856249997
1526,1526,0.6548286356249998
1527,1527,0.6544369325000005
1528,1528,0.6539490840624996
1529,1529,0.6613602993650798
1530,1530,0.6909329809375
1531,1531,0.7170417746874999
1532,1532,0.7314956200000007
1533,1533,0.7469002356250002
1534,1534,0.7703774965625
1535,1535,0.7846853434375005
1536,1536,0.7860705481249998
1537,1537,0.7777913684375
1538,1538,0.7641992699999997
1539,1539,0.7513157981249997
1540,1540,0.7396608496874997
1541,1541,0.7318588356249991
1542,1542,0.7278634637499997
1543,1543,0.7223511324999997
1544,1544,0.7172946012499999
1545,1545,0.7153218418749989
1546,1546,0.7148945293749986
1547,1547,0.7198477934375
1548,1548,0.7304308996875006
1549,1549,0.7357046481250005
1550,1550,0.7359111824999987
1551,1551,0.7326458028125
1552,1552,0.7273364449999993
1553,1553,0.7223119621875002
1554,1554,0.7176934262500003
1555,1555,0.7132493762500002
1556,1556,0.7092219559374995
1557,1557,0.7053262903125002
1558,1558,0.7015516965624992
1559,1559,0.6980014418749999
1560,1560,0.6941541152755908
1561,1561,0.6914457559375
1562,1562,0.6898219684374989
1563,1563,0.6918944340625004
1564,1564,0.6938671934375
1565,1565,0.6955052246874994
1566,1566,0.6952844465624997
1567,1567,0.6946648434374997
1568,1568,0.6999563965624997
1569,1569,0.7400133824999999
1570,1570,0.7974833528125004
1571,1571,0.8311135574999994
1572,1572,0.8358964262500014
1573,1573,0.8330253325000002
1574,1574,0.8191972074999999
1575,1575,0.8026620512499999
1576,1576,0.7869354887499995
1577,1577,0.7848694356249998
1578,1578,0.7772999590624997
1579,1579,0.7679240106250002
1580,1580,0.7598584871874996
1581,1581,0.7529680731250002
1582,1582,0.7471993543749995
1583,1583,0.7420751653124996
1584,1584,0.7373462403125001
1585,1585,0.7331550168750006
1586,1586,0.7291026699999991
1587,1587,0.7257304621875003
1588,1588,0.7228567856249999
1589,1589,0.7198620371875001
1590,1590,0.7172061105511814
1591,1591,0.7138654184374998
1592,1592,0.7167640215625002
1593,1593,0.7245019387500006
1594,1594,0.7287608199999996
1595,1595,0.7296474934375008
1596,1596,0.7276035153125002
1597,1597,0.7462450231249996
1598,1598,0.7956067387500005
1599,1599,0.8296201012499993
1600,1600,0.8317362700000007
1601,1601,0.8247518950000002
1602,1602,0.8094940824999993
1603,1603,0.7933925199999997
1604,1604,0.7827731715624999
1605,1605,0.7828870699999994
1606,1606,0.7739811653125002
1607,1607,0.7671619700000002
1608,1608,0.7597196106249997
1609,1609,0.7550797090625005
1610,1610,0.7596234653124998
1611,1611,0.7721793309375004
1612,1612,0.7781759496875001
1613,1613,0.77603582625
1614,1614,0.7707798825000003
1615,1615,0.7639037121874996
1616,1616,0.7571486137499998
1617,1617,0.7509347778125
1618,1618,0.7531496809375
1619,1619,0.7495353293749998
1620,1620,0.7459102949999995
1621,1621,0.7388525168750003
1622,1622,0.7329662871874999
1623,1623,0.7302208043749995
1624,1624,0.7258693387499991
1625,1625,0.7235618512499994
1626,1626,0.7214644590625009
1627,1627,0.7198727200000006
1628,1628,0.7177646449999997
1629,1629,0.7152363793750001
1630,1630,0.7123627028125009
1631,1631,0.7099270215624998
1632,1632,0.707858116875
1633,1633,0.7053013637499993
1634,1634,0.7026306606250003
1635,1635,0.6999207871875005
1636,1636,0.6971788653125004
1637,1637,0.6942410918750012
1638,1638,0.6916843387500003
1639,1639,0.6889566606250009
1640,1640,0.6883085699999995
1641,1641,0.6993225496875
1642,1642,0.7256663653125
1643,1643,0.7525621262499997
1644,1644,0.7683335184375001
1645,1645,0.7711965121875005
1646,1646,0.7665922200000002
1647,1647,0.7589931793749997
1648,1648,0.7507745356250003
1649,1649,0.7420680434374998
1650,1650,0.7341281341732284
1651,1651,0.7281981918749998
1652,1652,0.7238965793749995
1653,1653,0.7195629184375
1654,1654,0.71565657
1655,1655,0.7121526075000011
1656,1656,0.7085667434374987
1657,1657,0.70538682625
1658,1658,0.7019896918750006
1659,1659,0.6993474762500013
1660,1660,0.6964666778124997
1661,1661,0.6936962684375008
1662,1662,0.6911252715624993
1663,1663,0.6886682246875002
1664,1664,0.6861114715625007
1665,1665,0.6836864731250013
1666,1666,0.6813540590625009
1667,1667,0.6786192590625004
1668,1668,0.6762263090625008
1669,1669,0.6740968684375004
1670,1670,0.6717715762500003
1671,1671,0.6696136481249997
1672,1672,0.6674094278124996
1673,1673,0.6653191574999989
1674,1674,0.6630864496874995
1675,1675,0.6610033012500005
1676,1676,0.6589557621875005
1677,1677,0.6567515418749997
1678,1678,0.6542909340625003
1679,1679,0.6521935418749994
1680,1680,0.6504451215625001
1681,1681,0.6490029418749996
1682,1682,0.6470373043749996
1683,1683,0.6448544496874997
1684,1684,0.6428460809374996
1685,1685,0.6461648746875001
1686,1686,0.64969376375
1687,1687,0.6440247512500004
1688,1688,0.6422193559374985
1689,1689,0.6397017731249993
1690,1690,0.6387688074999999
1691,1691,0.6473827153124999
1692,1692,0.6579337731250001
1693,1693,0.6633962512499991
1694,1694,0.6635600543750007
1695,1695,0.6611564215624999
1696,1696,0.6578162621874999
1697,1697,0.6539348403125008
1698,1698,0.6499252246875001
1699,1699,0.6451571293749999
1700,1700,0.6416389231250001
1701,1701,0.6375474059374993
1702,1702,0.6349051903124996
1703,1703,0.6319033199999994
1704,1704,0.6292432996874999
1705,1705,0.6272634184374999
1706,1706,0.6357918637499999
1707,1707,0.6497080075000004
1708,1708,0.6602163340625005
1709,1709,0.6650698918750005
1710,1710,0.6644360450000006
1711,1711,0.6610142489256192
1712,1712,0.6566340309375003
1713,1713,0.6516807668750008
1714,1714,0.6469233543750008
1715,1715,0.6429635918749994
1716,1716,0.6391996809375001
1717,1717,0.6355639637499992
1718,1718,0.6324018512499989
1719,1719,0.6295103699999998
1720,1720,0.6266687418749993
1721,1721,0.6246390075000006
1722,1722,0.6245143746875005
1723,1723,0.6233285825
1724,1724,0.6216620637499994
1725,1725,0.6199243262499999
1726,1726,0.6177343496875007
1727,1727,0.6155977871875007
1728,1728,0.6125852340625004
1729,1729,0.6105448168750002
1730,1730,0.6089139074999993
1731,1731,0.6070942684375004
1732,1732,0.6053636528125002
1733,1733,0.6035119653125003
1734,1734,0.6017599840624998
1735,1735,0.6001967325000002
1736,1736,0.6016175465625001
1737,1737,0.6150137934375001
1738,1738,0.6316932246874998
1739,1739,0.6422442825000004
1740,1740,0.646025998125
1741,1741,0.6445410871875
1742,1742,0.6394489465625005
1743,1743,0.6333882309374994
1744,1744,0.6279898496874998
1745,1745,0.6226555653125001
1746,1746,0.6179693715624998
1747,1747,0.6141662903124995
1748,1748,0.6156654450000008
1749,1749,0.6171005028124996
1750,1750,0.6125140153125004
1751,1751,0.6115133918749992
1752,1752,0.6127241106249999
1753,1753,0.6419131153125
1754,1754,0.6952239106250001
1755,1755,0.7338244731250002
1756,1756,0.7540114278125003
1757,1757,0.7598478043749994
1758,1758,0.754976441875
1759,1759,0.7402840137500001
1760,1760,0.7257838762500002
1761,1761,0.7146666293750003
1762,1762,0.7049096606249998
1763,1763,0.6967871621874999
1764,1764,0.6902564028125007
1765,1765,0.6855737699999995
1766,1766,0.6827321418749994
1767,1767,0.6833944762500006
1768,1768,0.6823867309374998
1769,1769,0.6796270043749998
1770,1770,0.676970545000001
1771,1771,0.6737256617322847
1772,1772,0.6707246606249998
1773,1773,0.6680753231249993
1774,1774,0.6653690106249996
1775,1775,0.6625665528124993
1776,1776,0.6599599465624998
1777,1777,0.6571895371874993
1778,1778,0.6551241934374996
1779,1779,0.6540772778125002
1780,1780,0.6620537778125001
1781,1781,0.6743568168749997
1782,1782,0.6813255715625004
1783,1783,0.6842847106249992
1784,1784,0.682653801250001
1785,1785,0.6779391200000005
1786,1786,0.6779213153125003
1787,1787,0.7028941700000001
1788,1788,0.7340879825000002
1789,1789,0.7598193168749994
1790,1790,0.7632057684374998
1791,1791,0.7537870887499999
1792,1792,0.7410318106249996
1793,1793,0.7300926106249996
1794,1794,0.7204175434374999
1795,1795,0.7128683559375004
1796,1796,0.7067399825000003
1797,1797,0.7016941340624995
1798,1798,0.6912641481249993
1799,1799,0.6948428903125011
1800,1800,0.6918160934375002
1801,1801,0.688935295000001
1802,1802,0.6859263028124994
1803,1803,0.6833410621874997
1804,1804,0.6804210934374991
1805,1805,0.6774619543749998
1806,1806,0.6724944465625006
1807,1807,0.6771877621874998
1808,1808,0.6788898903124997
1809,1809,0.6853957231250001
1810,1810,0.7156102778124996
1811,1811,0.7552541949999999
1812,1812,0.7863910324999998
1813,1813,0.8018205746875003
1814,1814,0.7956387871874993
1815,1815,0.7871530731249996
1816,1816,0.7787029684375005
1817,1817,0.7708831496875005
1818,1818,0.7623333387500005
1819,1819,0.7556708246875008
1820,1820,0.7521668621875011
1821,1821,0.7501762981250005
1822,1822,0.7478901762500006
1823,1823,0.7442936293749997
1824,1824,0.7383717903124998
1825,1825,0.7342339809375
1826,1826,0.7306623606250009
1827,1827,0.7301317809375009
1828,1828,0.7282729715624993
1829,1829,0.7262574809374982
1830,1830,0.7252248090624994
1831,1831,0.724363062187501
1832,1832,0.7233490993650786
1833,1833,0.7226146418749992
1834,1834,0.7208555387499991
1835,1835,0.7187901950000003
1836,1836,0.7162761731249998
1837,1837,0.7138618574999993
1838,1838,0.7115971012500004
1839,1839,0.7095744887500004
1840,1840,0.7077904590624998
1841,1841,0.7062984262500018
1842,1842,0.7060099903125011
1843,1843,0.705985063750001
1844,1844,0.7051909746874986
1845,1845,0.7041867903125006
1846,1846,0.7026413434374996
1847,1847,0.7014270637500013
1848,1848,0.6992620137500013
1849,1849,0.69706847625
1850,1850,0.6947965981250006
1851,1851,0.6926173043749991
1852,1852,0.6904736199999987
1853,1853,0.6882444731249996
1854,1854,0.6859654731250006
1855,1855,0.6949425965624998
1856,1856,0.7350102653125002
1857,1857,0.7809962121875001
1858,1858,0.8151740903124997
1859,1859,0.8236918528124997
1860,1860,0.8166803668750002
1861,1861,0.8057126793749994
1862,1862,0.7939793903124996
1863,1863,0.7836348668749998
1864,1864,0.7735324871875002
1865,1865,0.7649399449999997
1866,1866,0.7585943543749999
1867,1867,0.7540755246875
1868,1868,0.7497881559374994
1869,1869,0.7459245387500005
1870,1870,0.7422389684375013
1871,1871,0.7395006074999988
1872,1872,0.7363100074999993
1873,1873,0.7334790621874996
1874,1874,0.7308297246874994
1875,1875,0.7282836543749994
1876,1876,0.7261186043749988
1877,1877,0.7240603825000008
1878,1878,0.7220164043750013
1879,1879,0.7193813106250005
1880,1880,0.7168850934375007
1881,1881,0.7142678043749995
1882,1882,0.7113941278124993
1883,1883,0.7087554731249984
1884,1884,0.706334035625
1885,1885,0.7041048887500015
1886,1886,0.7019362778125005
1887,1887,0.7001985403124997
1888,1888,0.6984750465625003
1889,1889,0.6968370153125001
1890,1890,0.6966091153125
1891,1891,0.696171120000001
1892,1892,0.7014397373228344
1893,1893,0.7286575528125001
1894,1894,0.7531069496875
1895,1895,0.7681554715624996
1896,1896,0.7718695293750001
1897,1897,0.7663750028125005
1898,1898,0.7567569106250001
1899,1899,0.7446639668750001
1900,1900,0.7372287293750001
1901,1901,0.7333366246875005
1902,1902,0.7396786543749997
1903,1903,0.7481251981250003
1904,1904,0.7552898043750004
1905,1905,0.7630633309375002
1906,1906,0.7665779762499996
1907,1907,0.7648117512500004
1908,1908,0.7610086700000008
1909,1909,0.7553681449999997
1910,1910,0.7492255278125005
1911,1911,0.7437203184375007
1912,1912,0.7385747637500002
1913,1913,0.7342054934374993
1914,1914,0.7301887559375011
1915,1915,0.7265067465624989
1916,1916,0.7230918074999999
1917,1917,0.7198193059375012
1918,1918,0.7170524575000008
1919,1919,0.7164079278124995
1920,1920,0.7189290715624996
1921,1921,0.7204353481250004
1922,1922,0.7203320809374993
1923,1923,0.719345701250001
1924,1924,0.7176257684374998
1925,1925,0.7155176934374995
1926,1926,0.7127366012500009
1927,1927,0.7102047746874991
1928,1928,0.7082426981249991
1929,1929,0.7057856512499994
1930,1930,0.7029048528125
1931,1931,0.6995397668750011
1932,1932,0.6962458996875003
1933,1933,0.69503162
1934,1934,0.6934968559375014
1935,1935,0.691976335625
1936,1936,0.6903347434374989
1937,1937,0.6899038700000002
1938,1938,0.6927668637500001
1939,1939,0.6954553715625007
1940,1940,0.6966126762499999
1941,1941,0.6963206793749995
1942,1942,0.6937033903125
1943,1943,0.6915169746874995
1944,1944,0.6876569184375001
1945,1945,0.6843594903125004
1946,1946,0.6825113637499999
1947,1947,0.6801931934374992
1948,1948,0.6782311168750002
1949,1949,0.6750511996875
1950,1950,0.6725621043749995
1951,1951,0.6702154465624995
1952,1952,0.6677975699999994
1953,1953,0.6650008601574796
1954,1954,0.6628336231249993
1955,1955,0.6611528606250004
1956,1956,0.6602056512500005
1957,1957,0.6598353137499988
1958,1958,0.6587456668750002
1959,1959,0.6578981637500012
1960,1960,0.6566589574999988
1961,1961,0.6582257699999996
1962,1962,0.6612383231249995
1963,1963,0.6618935356250002
1964,1964,0.6741858918750001
1965,1965,0.7367123934374998
1966,1966,0.8230436418749997
1967,1967,0.8738651762499998
1968,1968,0.8922167387499998
1969,1969,0.8816347074999998
1970,1970,0.8647011137499994
1971,1971,0.84557611375
1972,1972,0.8226190824999999
1973,1973,0.8070800200000005
1974,1974,0.8090839262500004
1975,1975,0.8255253325000003
1976,1976,0.8359081450000008
1977,1977,0.8358143950000011
1978,1978,0.8290409574999998
1979,1979,0.8189862699999999
1980,1980,0.8083222074999994
1981,1981,0.7952089262499993
1982,1982,0.7912714262499992
1983,1983,0.7840175199999994
1984,1984,0.7840074465625007
1985,1985,0.7861275231249999
1986,1986,0.7810994793750007
1987,1987,0.7765307965624997
1988,1988,0.7715526059375009
1989,1989,0.7670444590624996
1990,1990,0.7628496746874999
1991,1991,0.759402687187499
1992,1992,0.7557740918750009
1993,1993,0.7521811059375002
1994,1994,0.7485062184375005
1995,1995,0.7450841574999997
1996,1996,0.741548146562499
1997,1997,0.73837535125
1998,1998,0.7429475950000002
1999,1999,0.7846176856249996
2000,2000,0.8333304824999999
2001,2001,0.8565448637500002
2002,2002,0.8623573637499992
2003,2003,0.8510956450000009
2004,2004,0.8364706450000001
2005,2005,0.8252792387499998
2006,2006,0.8250097074999998
2007,2007,0.8320526762500003
2008,2008,0.834830020000001
2009,2009,0.8326620512500006
2010,2010,0.8271542387500004
2011,2011,0.8185292387499999
2012,2012,0.8095409575
2013,2013,0.8008866144881889
2014,2014,0.7935683012499994
2015,2015,0.786947207499999
2016,2016,0.7810878324999988
2017,2017,0.7855850278125002
2018,2018,0.7878260903125014
2019,2019,0.7869322950000002
2020,2020,0.7852016793750008
2021,2021,0.7826983403125003
2022,2022,0.7795575934374993
2023,2023,0.775857779375
2024,2024,0.7725995215625002
2025,2025,0.7693020934374989
2026,2026,0.7660189090625004
2027,2027,0.7628105043749999
2028,2028,0.7599261449999997
2029,2029,0.7569563231249986
2030,2030,0.7539936231249997
2031,2031,0.7508635590624997
2032,2032,0.7479791996875014
2033,2033,0.7452764481250003
2034,2034,0.7429119856250009
2035,2035,0.7402448434375004
2036,2036,0.7378483325000001
2037,2037,0.7382863278125004
2038,2038,0.7497169371875001
2039,2039,0.7623262168750001
2040,2040,0.7725817168749991
2041,2041,0.7748393512499997
2042,2042,0.7723609387500012
2043,2043,0.7704878856250011
2044,2044,0.7677566465625006
2045,2045,0.7646515090624993
2046,2046,0.7608626715625014
2047,2047,0.7569385184374989
2048,2048,0.7531959731250003
2049,2049,0.7487982153125003
2050,2050,0.7442508981250006
2051,2051,0.7432217871874993
2052,2052,0.7423173090624998
2053,2053,0.7391836840625009
2054,2054,0.7375705793750008
2055,2055,0.7359752793750004
2056,2056,0.7361711309375
2057,2057,0.7364417621875008
2058,2058,0.7382329137499993
2059,2059,0.7389237356250006
2060,2060,0.738357546562499
2061,2061,0.7370399996875018
2062,2062,0.7351776293750003
2063,2063,0.7323431231249999
2064,2064,0.7297756871875009
2065,2065,0.7288035512499994
2066,2066,0.7270800575000008
2067,2067,0.725548854375
2068,2068,0.7231202949999995
2069,2069,0.721232998125
2070,2070,0.719566479375001
2071,2071,0.7177895715624993
2072,2072,0.7159734934374995
2073,2073,0.7137822270866138
2074,2074,0.7118606106250007
2075,2075,0.7101228731249994
2076,2076,0.7079044090625001
2077,2077,0.7058248215624989
2078,2078,0.7040835231250012
2079,2079,0.702388516875
2080,2080,0.7004050746874991
2081,2081,0.6985925575000004
2082,2082,0.6970506715624996
2083,2083,0.6955693215624986
2084,2084,0.6943479200000003
2085,2085,0.6942375309375007
2086,2086,0.6921864309375001
2087,2087,0.6901745012499994
2088,2088,0.6882658387499995
2089,2089,0.6863821028125009
2090,2090,0.6844948059374997
2091,2091,0.6825113637499995
2092,2092,0.6808946981250007
2093,2093,0.6790608153125002
2094,2094,0.6785943325000005
2095,2095,0.6778394137499986
2096,2096,0.6764328434375002
2097,2097,0.6751544668749992
2098,2098,0.6748446653125001
2099,2099,0.6960001950000003
2100,2100,0.7531140715624999
2101,2101,0.7974762309375001
2102,2102,0.8218793356249995
2103,2103,0.8249488637499995
2104,2104,0.8131194293750001
2105,2105,0.7974299387500005
2106,2106,0.7829013137499999
2107,2107,0.7708867106249998
2108,2108,0.7617066137500004
2109,2109,0.7543354731250007
2110,2110,0.7488694340625011
2111,2111,0.7441227043749995
2112,2112,0.7412027356250007
2113,2113,0.7437737324999996
2114,2114,0.7488729950000008
2115,2115,0.7831683840625002
2116,2116,0.8608202418750007
2117,2117,0.961076113749999
2118,2118,1.0284003325000006
2119,2119,1.0534784574999985
2120,2120,1.0615643950000002
2121,2121,1.0621503325000001
2122,2122,1.0652909575000002
2123,2123,1.0485800199999993
2124,2124,1.0243690825
2125,2125,0.9957401762499992
2126,2126,0.9733456449999988
2127,2127,0.9697714262499985
2128,2128,0.9710136137499988
2129,2129,0.9740253324999998
2130,2130,0.9685526762499989
2131,2131,0.9560722075000001
2132,2132,0.9430526762500012
2133,2133,0.9333964262500011
2134,2134,0.9256228349606311
2135,2135,0.9176698637500006
2136,2136,0.9098183012500005
2137,2137,0.9017206450000003
2138,2138,0.8941972075000003
2139,2139,0.8871073637500002
2140,2140,0.8807089262499999
2141,2141,0.8746151762499996
2142,2142,0.8679823637499993
2143,2143,0.8623925199999997
2144,2144,0.8552323637500006
2145,2145,0.8485643950000012
2146,2146,0.8433729887499998
2147,2147,0.8397050199999994
2148,2148,0.8388378325000001
2149,2149,0.8376659575000007
2150,2150,0.8348534575000002
2151,2151,0.8311620512499998
2152,2152,0.8271776762500007
2153,2153,0.8230526762499999
2154,2154,0.8188456449999997
2155,2155,0.81429877
2156,2156,0.8104784574999997
2157,2157,0.8128808012500001
2158,2158,0.8212362700000002
2159,2159,0.827037051249999
2160,2160,0.8254181105511809
2161,2161,0.8204159575000001
2162,2162,0.8149081450000002
2163,2163,0.8102675199999991
2164,2164,0.8061425200000006
2165,2165,0.8021112699999998
2166,2166,0.7975526762499998
2167,2167,0.7935448637500003
2168,2168,0.789560488749999
2169,2169,0.7857636137499991
2170,2170,0.7820136137500001
2171,2171,0.7823920543749988
2172,2172,0.7896208028124996
2173,2173,0.7861595715625009
2174,2174,0.7826128778124996
2175,2175,0.779354619999999
2176,2176,0.7764346512499999
2177,2177,0.7733900496875012
2178,2178,0.7701353528125009
2179,2179,0.7669447528124995
2180,2180,0.7636045934375004
2181,2181,0.7604246762500011
2182,2182,0.7574548543749996
2183,2183,0.754606104375
2184,2184,0.7519994981250006
2185,2185,0.7492825028124993
2186,2186,0.7467756028124998
2187,2187,0.7442508981249985
2188,2188,0.7417618028125001
2189,2189,0.7396109965625013
2190,2190,0.7401843074999996
2191,2191,0.7421677496874995
2192,2192,0.742901302812499
2193,2193,0.7428585715624998
2194,2194,0.742016704251969
2195,2195,0.7438591949999988
2196,2196,0.7415445856249994
2197,2197,0.7392228543749992
2198,2198,0.7369189278125002
2199,2199,0.73418768875
2200,2200,0.731346060624999
2201,2201,0.7286967231249988
2202,2202,0.726335821562499
2203,2203,0.7240710653125002
2204,2204,0.7215819700000009
2205,2205,0.7191783371875008
2206,2206,0.7169954825000004
2207,2207,0.7186192700000001
2208,2208,0.7242241856249998
2209,2209,0.7337639371875002
2210,2210,0.7411065903124995
2211,2211,0.7505430746875001
2212,2212,0.7855114809375001
2213,2213,0.83474577
2214,2214,0.8694003324999994
2215,2215,0.8958612699999994
2216,2216,0.8954979887500003
2217,2217,0.8793847075
2218,2218,0.8609862699999993
2219,2219,0.8446972075000007
2220,2220,0.83015423875
2221,2221,0.8185643950000002
2222,2222,0.8100683012499993
2223,2223,0.8029198637499997
2224,2224,0.7964628324999995
2225,2225,0.7911542387499998
2226,2226,0.7864315824999988
2227,2227,0.7824237699999995
2228,2228,0.7801151762499994
2229,2229,0.7799276762499991
2230,2230,0.7787323637499997
2231,2231,0.7839404996874996
2232,2232,0.7893644153124996
2233,2233,0.786967904374999
2234,2234,0.7843399324999991
2235,2235,0.7815802059374998
2236,2236,0.7790020871874997
2237,2237,0.7764346512499996
2238,2238,0.7738814590625003
2239,2239,0.7709294418750002
2240,2240,0.7681590325000008
2241,2241,0.7657269121875008
2242,2242,0.7629814293750004
2243,2243,0.7604317981250008
2244,2244,0.7579818731250004
2245,2245,0.7553645840625012
2246,2246,0.7526262231250008
2247,2247,0.7503721496875003
2248,2248,0.7478901762500011
2249,2249,0.7453547887500004
2250,2250,0.7423992106250012
2251,2251,0.7399172371875009
2252,2252,0.7371325840625006
2253,2253,0.7344796856250008
2254,2254,0.7315775215624993
2255,2255,0.7286800680314951
2256,2256,0.7258657778124996
2257,2257,0.7230633199999997
2258,2258,0.7208840262499989
2259,2259,0.7295228606249998
2260,2260,0.7813202574999999
2261,2261,0.8396420996875
2262,2262,0.8733964262499998
2263,2263,0.8803573637499998
2264,2264,0.8753768950000002
2265,2265,0.8649706449999992
2266,2266,0.8518456450000012
2267,2267,0.8815058012500001
2268,2268,0.939537051249999
2269,2269,0.9836581449999994
2270,2270,1.0030058012500003
2271,2271,1.0015995512499993
2272,2272,0.9990800199999992
2273,2273,0.9791933012499988
2274,2274,0.9584628324999999
2275,2275,0.9387518950000013
2276,2276,0.9260136137500009
2277,2277,0.9194159575000009
2278,2278,0.9092792387499999
2279,2279,0.8999628324999999
2280,2280,0.8920995512500002
2281,2281,0.8843065824999998
2282,2282,0.8770292387499996
2283,2283,0.8702909574999996
2284,2284,0.8636698637499994
2285,2285,0.8578808012499994
2286,2286,0.8519862700000005
2287,2287,0.8470175200000006
2288,2288,0.8416972075000009
2289,2289,0.8368690825000002
2290,2290,0.8324393950000006
2291,2291,0.8284667387499998
2292,2292,0.8312792387500003
2293,2293,0.826826113749999
2294,2294,0.8275409575
2295,2295,0.823486269999999
2296,2296,0.8200292387500004
2297,2297,0.8208729887499994
2298,2298,0.8233808012499997
2299,2299,0.8325097075000005
2300,2300,0.8385917387499999
2301,2301,0.8399393949999998
2302,2302,0.8380409575000014
2303,2303,0.8350643950000002
2304,2304,0.830154238750001
2305,2305,0.8274354887499993
2306,2306,0.8291933012499995
2307,2307,0.8292518950000016
2308,2308,0.8270370512500003
2309,2309,0.8235097075000009
2310,2310,0.8229120512499997
2311,2311,0.8241190824999995
2312,2312,0.8231815825000011
2313,2313,0.8209198637500006
2314,2314,0.8172401762499999
2315,2315,0.8127212601574801
2316,2316,0.8083222074999998
2317,2317,0.8038808012499998
2318,2318,0.7997206450000003
2319,2319,0.7959237699999993
2320,2320,0.7916347074999994
2321,2321,0.7877206450000003
2322,2322,0.7844042387500002
2323,2323,0.7811581449999998
2324,2324,0.7821847543749985
2325,2325,0.7897027043749991
2326,2326,0.7865299090625003
2327,2327,0.7814840606250006
2328,2328,0.7785605309375009
2329,2329,0.7753948574999999
2330,2330,0.7725817168750009
2331,2331,0.7703454481250007
2332,2332,0.7693163371874999
2333,2333,0.7676070871875011
2334,2334,0.7657269121874997
2335,2335,0.7638965903124992
2336,2336,0.7619167090624985
2337,2337,0.7597409762500007
2338,2338,0.7577895825000006
2339,2339,0.7558417496875001
2340,2340,0.7536090418749994
2341,2341,0.7524125668750005
2342,2342,0.7522986168750005
2343,2343,0.7515828684375013
2344,2344,0.749777473125
2345,2345,0.7544743496874996
2346,2346,0.753238704375
2347,2347,0.7533170449999995
2348,2348,0.7521811059375008
2349,2349,0.7542144012499996
2350,2350,0.7582133340625008
2351,2351,0.7607344778124987
2352,2352,0.7617244184375003
2353,2353,0.7610015481249999
2354,2354,0.7591249340624989
2355,2355,0.7569812496874992
2356,2356,0.7549835637500011
2357,2357,0.7528042700000006
2358,2358,0.7503044918750007
2359,2359,0.747758421562501
2360,2360,0.7457393699999995
2361,2361,0.7440229981249985
2362,2362,0.7419718981250009
2363,2363,0.7396964590625015
2364,2364,0.7378696981250001
2365,2365,0.7357865496874992
2366,2366,0.7363100074999992
2367,2367,0.7519852543749997
2368,2368,0.7734256590625003
2369,2369,0.7891187106249999
2370,2370,0.7984697324999991
2371,2371,0.7956138606249998
2372,2372,0.7821499559375001
2373,2373,0.7758577793749994
2374,2374,0.7689780481250001
2375,2375,0.7657126684375001
2376,2376,0.7624974921311487
2377,2377,0.7670480200000004
2378,2378,0.7831755059374997
2379,2379,0.8087822075000008
2380,2380,0.8170150950000004
2381,2381,0.820444277812501
2382,2382,0.8198353574999998
2383,2383,0.8192940949999998
2384,2384,0.8310856981249999
2385,2385,0.8348534575000006
2386,2386,0.8464784575000002
2387,2387,0.847158145000001
2388,2388,0.8429862700000001
2389,2389,0.8368925200000004
2390,2390,0.8301190825
2391,2391,0.8241893950000009
2392,2392,0.8192440824999995
2393,2393,0.8147675200000002
2394,2394,0.8103026762499991
2395,2395,0.8067636137499996
2396,2396,0.8033300200000001
2397,2397,0.8000604887500002
2398,2398,0.7966854887499999
2399,2399,0.7929120512499999
2400,2400,0.7909667387499993
2401,2401,0.7907909574999991
2402,2402,0.7895370512500003
2403,2403,0.7881425199999988
2404,2404,0.7897011137499991
2405,2405,0.7935917387499997
2406,2406,0.8037987700000001
2407,2407,0.8168886137499993
2408,2408,0.8231933012499995
2409,2409,0.8250331450000004
2410,2410,0.8240722075
2411,2411,0.8207323637500004
2412,2412,0.8161620512499992
2413,2413,0.8113456449999995
2414,2414,0.8068456449999999
2415,2415,0.8026268950000005
2416,2416,0.7981972074999995
2417,2417,0.7940487700000003
2418,2418,0.7895018949999987
2419,2419,0.7865722075000002
2420,2420,0.7867362699999998
2421,2421,0.7880253324999985
2422,2422,0.7882362699999986
2423,2423,0.787626895
2424,2424,0.7861503324999994
2425,2425,0.7922323637499995
2426,2426,0.7999901762499998
2427,2427,0.7889042387499987
2428,2428,0.7836659574999988
2429,2429,0.7810526762499999
2430,2430,0.78065423875
2431,2431,0.7791425199999988
2432,2432,0.7901887840624986
2433,2433,0.7903579168750017
2434,2434,0.7892362215624985
2435,2435,0.7880931606250005
2436,2436,0.7869004428346452
2437,2437,0.7850628028125011
2438,2438,0.7836063793749997
2439,2439,0.7825416590625015
2440,2440,0.7811493324999996
2441,2441,0.7792121824999989
2442,2442,0.7779551715625002
2443,2443,0.7766162590624992
2444,2444,0.7748357903124993
2445,2445,0.7728950793750009
2446,2446,0.7706445668750012
2447,2447,0.7680522043750004
2448,2448,0.7666171465624985
2449,2449,0.7657803262499984
2450,2450,0.7671263606250006
2451,2451,0.7679133278124998
2452,2452,0.7678741575000002
2453,2453,0.7672153840625011
2454,2454,0.7662681746874986
2455,2455,0.7651322356250009
2456,2456,0.7637577137499992
2457,2457,0.7630775746874991
2458,2458,0.7633161574999996
2459,2459,0.7636295199999992
2460,2460,0.7657304731250002
2461,2461,0.7752595418749998
2462,2462,0.78631981375
2463,2463,0.7987368028125005
2464,2464,0.8103775075000003
2465,2465,0.8221642106249991
2466,2466,0.817905329375
2467,2467,0.8118980278124998
2468,2468,0.8062254543749993
2469,2469,0.8016704409677425
2470,2470,0.7977148137499992
2471,2471,0.7933847137499994
2472,2472,0.7890795403125003
2473,2473,0.7845820762499995
2474,2474,0.7826271215625008
2475,2475,0.7904967934374996
2476,2476,0.8011368746874997
2477,2477,0.8228942028125
2478,2478,0.8317007340625006
2479,2479,0.8349237699999996
2480,2480,0.8350409575000003
2481,2481,0.8290058012500001
2482,2482,0.8208378325000001
2483,2483,0.8117909574999997
2484,2484,0.80425580125
2485,2485,0.7985018949999991
2486,2486,0.7933690824999995
2487,2487,0.7891972074999986
2488,2488,0.7855526762499991
2489,2489,0.7826112699999989
2490,2490,0.7798104887499984
2491,2491,0.7806072559374989
2492,2492,0.7905430856250015
2493,2493,0.788285451250001
2494,2494,0.7859708418750003
2495,2495,0.7793653028124982
2496,2496,0.7779551715625009
2497,2497,0.775355687187499
2498,2498,0.7714208512500013
2499,2499,0.7686896121874991
2500,2500,0.7672687981249999
2501,2501,0.7653708184375001
2502,2502,0.7654349153125003
2503,2503,0.7639749309374996
2504,2504,0.7626182137500009
2505,2505,0.7608413059375005
2506,2506,0.7589824965624988
2507,2507,0.7572127106250004
2508,2508,0.7556209715625003
2509,2509,0.7537586012499987
2510,2510,0.7519745715625009
2511,2511,0.7506499028124993
2512,2512,0.7493608434374991
2513,2513,0.7476800809375005
2514,2514,0.7464658012499998
2515,2515,0.7451055231250001
2516,2516,0.7438057809374983
2517,2517,0.7424704293750003
2518,2518,0.7417048278125011
2519,2519,0.7410496153124985
2520,2520,0.7403552324999995
2521,2521,0.7392264153125004
2522,2522,0.7379444778124998
2523,2523,0.7364773715625001
2524,2524,0.7348429012500006
2525,2525,0.7333223809374995
2526,2526,0.7318623965625012
2527,2527,0.7301068543750006
2528,2528,0.728305019999999
2529,2529,0.7267635546456698
2530,2530,0.7252711012500002
2531,2531,0.7235369246874991
2532,2532,0.7217172856250013
2533,2533,0.7200009137499993
2534,2534,0.7194347246875006
2535,2535,0.7189646809375014
2536,2536,0.7182952246875003
2537,2537,0.7180317153124992
2538,2538,0.7175616715624988
2539,2539,0.7170204090625003
2540,2540,0.7160625168750002
2541,2541,0.7149906746874996
2542,2542,0.7142749262500002
2543,2543,0.7179961059375003
2544,2544,0.7251500293750001
2545,2545,0.7351562637499999
2546,2546,0.7653636965624998
2547,2547,0.8048331278125002
2548,2548,0.8305822668749997
2549,2549,0.8261859293749992
2550,2550,0.8204511137500003
2551,2551,0.8113339262499993
2552,2552,0.8004823637500001
2553,2553,0.7903456449999998
2554,2554,0.7824354887499992
2555,2555,0.7858527700000003
2556,2556,0.7849132434375002
2557,2557,0.780120221562499
2558,2558,0.7763776762500001
2559,2559,0.7727775684375003
2560,2560,0.7681198621875003
2561,2561,0.7685471746874991
2562,2562,0.7661399809375006
2563,2563,0.7632484996875002
2564,2564,0.7663714418750004
2565,2565,0.7745366715625002
2566,2566,0.7793510590625009
2567,2567,0.7804229012500006
2568,2568,0.7783148262500016
2569,2569,0.7737105340625001
2570,2570,0.769757893437501
2571,2571,0.7677459637499999
2572,2572,0.7641992700000004
2573,2573,0.7626680668750002
2574,2574,0.7604780903125
2575,2575,0.7611368637500006
2576,2576,0.7624366059375003
2577,2577,0.7628425528124996
2578,2578,0.7631381106250003
2579,2579,0.7610051090625005
2580,2580,0.7585979153124995
2581,2581,0.756137307499999
2582,2582,0.7542749371875005
2583,2583,0.7514582356250001
2584,2584,0.7494356231249991
2585,2585,0.7479293465624991
2586,2586,0.7470711606250001
2587,2587,0.7447387465625006
2588,2588,0.7430793496874999
2589,2589,0.7419540934375007
2590,2590,0.7408251640944871
2591,2591,0.7404193293749997
2592,2592,0.7412490278125007
2593,2593,0.7414555621875011
2594,2594,0.7412846371875006
2595,2595,0.7398923106250004
2596,2596,0.7385925684374985
2597,2597,0.7373711668750008
2598,2598,0.7358862559374988
2599,2599,0.7391801231250003
2600,2600,0.7632306949999996
2601,2601,0.7822603450000002
2602,2602,0.7934701762500004
2603,2603,0.7974334996875008
2604,2604,0.7934701762499998
2605,2605,0.7863518621874995
2606,2606,0.7807113371874999
2607,2607,0.7781474621874997
2608,2608,0.777495810625001
2609,2609,0.7752880293749995
2610,2610,0.7804656324999997
2611,2611,0.7911021528125003
2612,2612,0.7932921293750012
2613,2613,0.799274504375
2614,2614,0.8063144778125007
2615,2615,0.8110398418750002
2616,2616,0.8200027215624995
2617,2617,0.8288267246875006
2618,2618,0.8319318621874985
2619,2619,0.8301798809375002
2620,2620,0.8237559496874992
2621,2621,0.8184002996874998
2622,2622,0.8096653199999995
2623,2623,0.8039215278125008
2624,2624,0.8039428934375
2625,2625,0.8117698340624997
2626,2626,0.8057910199999994
2627,2627,0.8043880106249992
2628,2628,0.8047476653125001
2629,2629,0.8047049340625001
2630,2630,0.8038503090625003
2631,2631,0.8076605121874995
2632,2632,0.8106196512500001
2633,2633,0.8131407950000005
2634,2634,0.8137069840624991
2635,2635,0.8151883340625009
2636,2636,0.8150031653124995
2637,2637,0.8138743481249997
2638,2638,0.8133295246875014
2639,2639,0.8116060309375001
2640,2640,0.8102137043749995
2641,2641,0.8087822075000005
2642,2642,0.8070693965624989
2643,2643,0.8062396981249997
2644,2644,0.8115241293750003
2645,2645,0.8311839528124998
2646,2646,0.8467714262500005
2647,2647,0.859345644999999
2648,2648,0.8687089262499993
2649,2649,0.8692128324999997
2650,2650,0.8658826774803153
2651,2651,0.8656151762499994
2652,2652,0.8722362699999994
2653,2653,0.877029238749999
2654,2654,0.8772050200000004
2655,2655,0.8739003324999997
2656,2656,0.8686151762499996
2657,2657,0.8625448637499995
2658,2658,0.8562284574999998
2659,2659,0.8515761137500012
2660,2660,0.8495253325000014
2661,2661,0.8465604887500018
2662,2662,0.8426698637499999
2663,2663,0.8411229887500001
2664,2664,0.8379589262499997
2665,2665,0.8360604887499994
2666,2666,0.8356620512499997
2667,2667,0.8347948637500013
2668,2668,0.8344784575000013
2669,2669,0.8365878325000013
2670,2670,0.8395292387500007
2671,2671,0.8408534575000015
2672,2672,0.8404198637500013
2673,2673,0.8400800199999999
2674,2674,0.8432792387499998
2675,2675,0.8419667387499995
2676,2676,0.8422714262499996
2677,2677,0.8428808012500009
2678,2678,0.8429276762500005
2679,2679,0.8422597074999996
2680,2680,0.8409354887500018
2681,2681,0.8393768949999993
2682,2682,0.8377011137500014
2683,2683,0.8361073637500005
2684,2684,0.837220645
2685,2685,0.8356034575000011
2686,2686,0.8291464262499999
2687,2687,0.822431582500001
2688,2688,0.8225839262500012
2689,2689,0.8233456449999995
2690,2690,0.8236503324999997
2691,2691,0.8240956449999993
2692,2692,0.8244003324999998
2693,2693,0.8245995512499994
2694,2694,0.8244003324999992
2695,2695,0.8273651762499998
2696,2696,0.8450136137500008
2697,2697,0.8647479887499995
2698,2698,0.8771112699999994
2699,2699,0.8857714262499989
2700,2700,0.8858417387500003
2701,2701,0.8791972075
2702,2702,0.8726464262499997
2703,2703,0.8671268949999994
2704,2704,0.862814395
2705,2705,0.8595565824999999
2706,2706,0.8572597074999992
2707,2707,0.8539667387500016
2708,2708,0.8509198637500011
2709,2709,0.8477792387500015
2710,2710,0.84536517625
2711,2711,0.8440086617322845
2712,2712,0.8434901762500013
2713,2713,0.8447440824999998
2714,2714,0.8436190825000004
2715,2715,0.8467479887500011
2716,2716,0.84864642625
2717,2717,0.8467011137500018
2718,2718,0.847626895
2719,2719,0.8493964262500016
2720,2720,0.8497011137500017
2721,2721,0.8489628325000003
2722,2722,0.8472401762500017
2723,2723,0.8452597075000008
2724,2724,0.841908145
2725,2725,0.8379354887500013
2726,2726,0.8330253324999998
2727,2727,0.8349472075000007
2728,2728,0.8405956450000005
2729,2729,0.8611151762499999
2730,2730,0.8920526762500004
2731,2731,0.9082245512500003
2732,2732,0.9144472075000009
2733,2733,0.9150448637500005
2734,2734,0.9081893950000003
2735,2735,0.9012050199999999
2736,2736,0.8957909575000006
2737,2737,0.8935175199999993
2738,2738,0.8960722075000013
2739,2739,0.8994706450000014
2740,2740,0.8995878324999999
2741,2741,0.9027870512500006
2742,2742,0.9131815825000004
2743,2743,0.9196854887500004
2744,2744,0.9210917387500012
2745,2745,0.9194862700000015
2746,2746,0.9152089262500003
2747,2747,0.9098183012500004
2748,2748,0.9079433012499996
2749,2749,0.9067831450000007
2750,2750,0.9040292387500006
2751,2751,0.9019081450000002
2752,2752,0.8994472075
2753,2753,0.8969745512499998
2754,2754,0.8934003325000001
2755,2755,0.8913495512500007
2756,2756,0.8900722074999993
2757,2757,0.8893748034645677
2758,2758,0.8925917387500001
2759,2759,0.9017792387500003
2760,2760,0.9098669294488185
2761,2761,0.9151972075000003
2762,2762,0.9182206450000011
2763,2763,0.91802142625
2764,2764,0.9162753325000015
2765,2765,0.9149745512499999
2766,2766,0.9127948637500006
2767,2767,0.9098768950000009
2768,2768,0.9067948637500002
2769,2769,0.9032206449999995
2770,2770,0.8994354887500008
2771,2771,0.8961307089763785
2772,2772,0.8931073637500001
2773,2773,0.8914550200000004
2774,2774,0.8901893949999989
2775,2775,0.8893104887500006
2776,2776,0.8890175200000009
2777,2777,0.8879862699999996
2778,2778,0.8871659574999987
2779,2779,0.8870136137499992
2780,2780,0.8855253325000008
2781,2781,0.8843768949999988
2782,2782,0.882947207500001
2783,2783,0.8815526762499988
2784,2784,0.8798300200000007
2785,2785,0.87780267625
2786,2786,0.8755878324999985
2787,2787,0.8734315824999991
2788,2788,0.8712636137500006
2789,2789,0.8688495512499996
2790,2790,0.8668925199999988
2791,2791,0.8648534575
2792,2792,0.8628026762499997
2793,2793,0.8609628324999985
2794,2794,0.8600253324999981
2795,2795,0.8591815824999999
2796,2796,0.8578104887499983
2797,2797,0.856216738750001
2798,2798,0.8541659575000008
2799,2799,0.8506620512500015
2800,2800,0.8505565825000007
2801,2801,0.8442753325000018
2802,2802,0.8446034574999998
2803,2803,0.8443339262500015
2804,2804,0.8431386137500007
2805,2805,0.8444862700000005
2806,2806,0.8640097074999993
2807,2807,0.8964823637500006
2808,2808,0.927115176250001
2809,2809,0.9482675200000008
2810,2810,0.9515839262500013
2811,2811,0.9328925200000018
2812,2812,0.926189395000001
2813,2813,0.9172128325000006
2814,2814,0.9115175200000003
2815,2815,0.9077089262500009
2816,2816,0.9051073637499994
2817,2817,0.9042050200000009
2818,2818,0.9028808012499995
2819,2819,0.8997870512499998
2820,2820,0.8979120512500011
2821,2821,0.898228457500001
2822,2822,0.8974784574999998
2823,2823,0.8946190825000014
2824,2824,0.8956034574999995
2825,2825,0.8990839262500011
2826,2826,0.9003378325000005
2827,2827,0.8983339262500015
2828,2828,0.8958612700000005
2829,2829,0.8935175199999995
2830,2830,0.8985331450000006
2831,2831,0.8953222075000008
2832,2832,0.8912881892913381
2833,2833,0.8868729887500004
2834,2834,0.8851268950000001
2835,2835,0.8937050200000007
2836,2836,0.8980175200000007
2837,2837,0.8971620512500001
2838,2838,0.8973026762500005
2839,2839,0.9174940825000013
2840,2840,0.9245956450000017
2841,2841,0.9298690825000003
2842,2842,0.9268808012500012
2843,2843,0.9212558012500004
2844,2844,0.9166620512500008
2845,2845,0.9127245512499997
2846,2846,0.9046386137499997
2847,2847,0.9009823637500006
2848,2848,0.9020487699999997
2849,2849,0.9022714262499999
2850,2850,0.9039237700000001
2851,2851,0.9095136137499998
2852,2852,0.9112948637499998
2853,2853,0.9111425199999998
2854,2854,0.9088808012499993
2855,2855,0.9067128325000008
2856,2856,0.9042753325000009
2857,2857,0.9017440825000009
2858,2858,0.8992128325000003
2859,2859,0.8962128325000003
2860,2860,0.8939159574999997
2861,2861,0.8914433012499998
2862,2862,0.8890526762500005
2863,2863,0.8867206450000003
2864,2864,0.8850331449999991
2865,2865,0.8824198637499995
2866,2866,0.8799237699999994
2867,2867,0.8770878325000006
2868,2868,0.8797362699999999
2869,2869,0.89678705125
2870,2870,0.9129940825000006
2871,2871,0.9225917387500017
2872,2872,0.9290136137500007
2873,2873,0.9380253325000013
2874,2874,0.9426659575000012
2875,2875,0.9441542387500007
2876,2876,0.9418925200000011
2877,2877,0.9366659575000014
2878,2878,0.9295526762500013
2879,2879,0.9224979887500009
2880,2880,0.9170604887500011
2881,2881,0.9157128325000007
2882,2882,0.9068300200000003
2883,2883,0.9042284575000007
2884,2884,0.9069003324999999
2885,2885,0.91639252
2886,2886,0.9192753325000012
2887,2887,0.9212089262500015
2888,2888,0.9225683012500011
2889,2889,0.919158145000002
2890,2890,0.9202479887500007
2891,2891,0.9234940825000008
2892,2892,0.9211700790551192
2893,2893,0.9225331450000013
2894,2894,0.9245018950000012
2895,2895,0.919732363750001
2896,2896,0.9352714262500006
2897,2897,0.9993847075
2898,2898,1.0838651762500005
2899,2899,1.1676073637499997
2900,2900,1.2163925200000003
2901,2901,1.2422675199999993
2902,2902,1.2314979887499993
2903,2903,1.2027401762499992
2904,2904,1.1767597074999987
2905,2905,1.1507206449999994
2906,2906,1.1286776762500021
2907,2907,1.1153065825000006
2908,2908,1.1105253325000013
2909,2909,1.1050643950000014
2910,2910,1.0990292387500014
2911,2911,1.0928651762500006
2912,2912,1.0865487700000007
2913,2913,1.0817323637499998
2914,2914,1.097447207500001
2915,2915,1.161361269999999
2916,2916,1.241283145000001
2917,2917,1.2836698637500012
2918,2918,1.2962558012500023
2919,2919,1.3010604887500015
2920,2920,1.2768847075000007
2921,2921,1.2501659575
2922,2922,1.2269511137500002
2923,2923,1.20670111375
2924,2924,1.1884901762500004
2925,2925,1.1733729887499984
2926,2926,1.1603534574999976
2927,2927,1.1496073637499993
2928,2928,1.1388964262499999
2929,2929,1.1308925200000015
2930,2930,1.1231112700000023
2931,2931,1.1161737700000018
2932,2932,1.1107948637500011
2933,2933,1.10751361375
2934,2934,1.1042089262500019
2935,2935,1.0996151762500006
2936,2936,1.0931933012500004
2937,2937,1.0798339262500005
2938,2938,1.072345645
2939,2939,1.0688300200000005
2940,2940,1.0692870512499997
2941,2941,1.0873339262500004
2942,2942,1.1031073637500006
2943,2943,1.1066933012499998
2944,2944,1.1043026762500017
2945,2945,1.0956073637500006
2946,2946,1.0841698637500008
2947,2947,1.0702479887499994
2948,2948,1.0588222075
2949,2949,1.0501503324999992
2950,2950,1.0432245512499994
2951,2951,1.0362636137500003
2952,2952,1.0296073637500003
2953,2953,1.023594900952381
2954,2954,1.0180175199999997
2955,2955,1.0123925199999997
2956,2956,1.0069667387499992
2957,2957,1.001845645
2958,2958,0.9968065824999998
2959,2959,0.9939120512499996
2960,2960,0.9925175199999992
2961,2961,0.9938886137499988
2962,2962,0.9916503324999988
2963,2963,0.9894003325000007
2964,2964,0.9876425199999986
2965,2965,0.9856386137499984
2966,2966,0.9830253324999991
2967,2967,0.9799784574999991
2968,2968,0.976990176249999
2969,2969,0.9734511137499985
2970,2970,0.9701112699999979
2971,2971,0.9698300199999983
2972,2972,0.9733222075000004
2973,2973,0.9777401762499991
2974,2974,0.9850761137499996
2975,2975,0.987783144999999
2976,2976,0.9875722074999987
2977,2977,0.9849354887499994
2978,2978,0.9815370512499993
2979,2979,0.9778104887499998
2980,2980,0.9740956449999985
2981,2981,0.9704862699999981
2982,2982,0.9671815824999985
2983,2983,0.964029238749998
2984,2984,0.9610058012499982
2985,2985,0.957830019999998
2986,2986,0.9546190824999992
2987,2987,0.9508339262500003
2988,2988,0.9476698637500012
2989,2989,0.9447636137500013
2990,2990,0.9414237700000011
2991,2991,0.9382948637500007
2992,2992,0.9354706450000009
2993,2993,0.9325175200000005
2994,2994,0.9297753325000004
2995,2995,0.9275370512500006
2996,2996,0.9247948637500014
2997,2997,0.921665957500001
2998,2998,0.9193456450000017
2999,2999,0.9162753325000016
3000,3000,0.9136620512500016
3001,3001,0.9110253325000003
3002,3002,0.909126895
3003,3003,0.9069120512500009
3004,3004,0.9048964262500001
3005,3005,0.9027753324999993
3006,3006,0.900736270000001
3007,3007,0.8985917387500013
3008,3008,0.8960956450000002
3009,3009,0.8935526762499999
3010,3010,0.8895800199999998
3011,3011,0.8978886137500005
3012,3012,0.9038534575000003
3013,3013,0.8938866144881897
3014,3014,0.8941737700000005
3015,3015,0.8909511137500001
3016,3016,0.8877987699999995
3017,3017,0.8861464262500006
3018,3018,0.8865331450000001
3019,3019,0.8914433012500006
3020,3020,0.8981581450000012
3021,3021,0.8865214262499987
3022,3022,0.8783183012499993
3023,3023,0.8760448637499999
3024,3024,0.8694354887499987
