,hr,time
0,68.1153,0.0
2,68.1153,1.0
4,75.2384,2.0
6,77.7911,3.0
8,81.8534,4.0
10,79.1253,5.0
12,76.908,6.0
14,75.0463,7.0
16,70.4555,8.0
18,75.0626,9.0
20,72.2213,10.0
22,76.5339,11.0
24,77.4291,12.0
26,71.9962,13.0
28,80.5199,14.0
30,79.2727,15.0
32,79.0865,16.0
34,73.3088,17.0
36,74.5638,18.0
38,75.1598,19.0
40,74.5644,20.0
42,80.2775,21.0
44,79.72800000000001,22.0
46,85.3479,23.0
48,88.7558,24.0
50,85.039,25.0
52,76.268,26.0
54,73.0431,27.0
56,76.5116,28.0
58,75.5716,29.0
60,79.9454,30.0
62,78.4536,31.0
64,80.6684,32.0
66,72.7669,33.0
68,71.6654,34.0
70,74.747,35.0
72,71.4022,36.0
74,72.4704,37.0
76,67.1931,38.0
78,75.1635,39.0
80,78.7152,40.0
82,92.8568,41.0
84,79.2941,42.0
86,70.8071,43.0
88,67.2569,44.0
90,63.1019,45.0
92,64.7281,46.0
94,62.7359,47.0
96,65.5772,48.0
98,71.9247,49.0
100,73.9073,50.0
102,76.5542,51.0
104,77.8485,52.0
106,84.3855,53.0
108,88.2,54.0
110,92.8953,55.0
112,87.3979,56.0
114,77.987,57.0
116,68.1092,58.0
118,69.7963,59.0
120,70.5854,60.0
122,68.3393,61.0
124,76.533,62.0
126,73.6591,63.0
128,71.14699999999999,64.0
130,71.7252,65.0
132,72.9472,66.0
134,76.4439,67.0
136,67.4066,68.0
138,66.9805,69.0
140,65.4234,70.0
142,66.3484,71.0
144,68.6051,72.0
146,76.5403,73.0
148,73.8372,74.0
150,73.2565,75.0
152,74.9843,76.0
154,71.9063,77.0
156,71.1832,78.0
158,68.6929,79.0
160,68.9473,80.0
162,69.8702,81.0
164,67.5057,82.0
166,70.4001,83.0
168,71.4231,84.0
170,68.8041,85.0
172,72.319,86.0
174,69.5023,87.0
176,71.9964,88.0
178,69.0227,89.0
180,68.1524,90.0
182,69.7693,91.0
184,75.0914,92.0
186,79.3834,93.0
188,77.6344,94.0
190,81.9975,95.0
192,79.3103,96.0
194,77.48,97.0
196,77.48,98.0
198,77.48,99.0
200,71.9893,100.0
202,71.0576,101.0
204,77.4462,102.0
206,77.4462,103.0
208,80.1061,104.0
210,79.5325,105.0
212,72.35300000000001,106.0
214,75.1915,107.0
216,79.7294,108.0
218,84.4957,109.0
220,83.3682,110.0
222,81.351,111.0
224,76.7105,112.0
226,75.3376,113.0
228,74.0584,114.0
230,73.0152,115.0
232,78.1905,116.0
234,77.6903,117.0
236,79.4379,118.0
238,72.0718,119.0
240,69.7085,120.0
242,79.542,121.0
244,77.5593,122.0
246,67.0595,123.0
248,67.0595,124.0
250,70.8928,125.0
252,70.8171,126.0
254,68.0022,127.0
256,64.6114,128.0
258,66.3577,129.0
260,68.6703,130.0
262,68.2959,131.0
264,68.0294,132.0
266,72.7392,133.0
268,72.4354,134.0
270,72.8683,135.0
272,70.3781,136.0
274,76.4546,137.0
276,79.9702,138.0
278,83.2989,139.0
280,71.1991,140.0
282,73.7127,141.0
284,71.7658,142.0
286,71.7658,143.0
288,81.3893,144.0
290,81.7078,145.0
292,82.7222,146.0
294,138.798,147.0
296,73.6282,148.0
298,79.8968,149.0
300,78.2904,150.0
302,74.5966,151.0
304,68.4319,152.0
306,66.9339,153.0
308,70.3846,154.0
310,71.6663,155.0
312,68.4287,156.0
314,73.405,157.0
316,66.5013,158.0
318,63.5,159.0
320,82.3919,160.0
322,84.5259,161.0
324,78.7664,162.0
326,73.9016,163.0
328,66.6636,164.0
330,63.7193,165.0
332,64.7785,166.0
334,61.1453,167.0
336,63.1376,168.0
338,66.5466,169.0
340,68.6961,170.0
342,76.1565,171.0
344,76.0253,172.0
346,66.223,173.0
348,67.7569,174.0
350,65.189,175.0
352,65.1197,176.0
354,63.7344,177.0
356,63.2284,178.0
358,63.1098,179.0
360,68.5,180.0
362,71.8886,181.0
364,65.2364,182.0
366,63.763000000000005,183.0
368,73.0401,184.0
370,74.6106,185.0
372,80.1768,186.0
374,78.3615,187.0
376,72.1773,188.0
378,70.9556,189.0
380,65.4427,190.0
382,65.7989,191.0
384,65.6059,192.0
386,64.2192,193.0
388,72.2877,194.0
390,69.1631,195.0
392,70.6552,196.0
394,70.7503,197.0
396,66.82,198.0
398,69.6206,199.0
400,66.4202,200.0
402,68.5716,201.0
404,66.6399,202.0
406,66.4555,203.0
408,68.5064,204.0
410,66.7025,205.0
412,68.6236,206.0
414,68.5267,207.0
416,69.1792,208.0
418,69.1792,209.0
420,70.9014,210.0
422,69.3989,211.0
424,70.2564,212.0
426,69.5247,213.0
428,72.7849,214.0
430,68.1563,215.0
432,72.7754,216.0
434,70.6002,217.0
436,70.5805,218.0
438,66.5967,219.0
440,65.57600000000001,220.0
442,71.7049,221.0
444,71.4446,222.0
446,75.4056,223.0
448,75.9883,224.0
450,78.4838,225.0
452,73.566,226.0
454,71.1825,227.0
456,68.9163,228.0
458,66.39699999999999,229.0
460,66.9569,230.0
462,64.1114,231.0
464,66.2854,232.0
466,70.5583,233.0
468,72.8538,234.0
470,74.1015,235.0
472,69.9853,236.0
474,69.0398,237.0
476,67.5293,238.0
478,62.3201,239.0
480,62.6376,240.0
482,63.8747,241.0
484,60.9932,242.0
486,61.7841,243.0
488,61.7841,244.0
490,61.7841,245.0
492,61.7841,246.0
494,68.7471,247.0
496,64.4782,248.0
498,66.4436,249.0
500,67.0447,250.0
502,67.9141,251.0
504,66.7245,252.0
506,61.0841,253.0
508,67.648,254.0
510,64.292,255.0
512,65.7239,256.0
514,71.3545,257.0
516,69.5448,258.0
518,73.06,259.0
520,74.9502,260.0
522,74.1952,261.0
524,76.3409,262.0
526,76.3457,263.0
528,83.3571,264.0
530,90.1578,265.0
532,86.1,266.0
534,86.1,267.0
536,86.1,268.0
538,71.4486,269.0
540,71.6789,270.0
542,75.4116,271.0
544,75.5277,272.0
546,79.2934,273.0
548,79.4813,274.0
550,78.8693,275.0
552,81.7053,276.0
554,81.9337,277.0
556,81.8679,278.0
558,85.296,279.0
560,79.5093,280.0
562,75.4102,281.0
564,76.3983,282.0
566,76.8071,283.0
568,73.973,284.0
570,68.452,285.0
572,65.9451,286.0
574,66.5018,287.0
576,67.0837,288.0
578,66.7712,289.0
580,67.1043,290.0
582,76.3447,291.0
584,73.5119,292.0
586,71.5615,293.0
588,69.3887,294.0
590,65.6429,295.0
592,61.9516,296.0
594,66.0626,297.0
596,63.1512,298.0
598,59.7993,299.0
600,62.7657,300.0
602,65.9031,301.0
604,65.6711,302.0
606,65.6711,303.0
608,65.6711,304.0
610,65.6711,305.0
612,65.6711,306.0
614,84.31,307.0
616,80.0961,308.0
618,77.6926,309.0
620,74.8557,310.0
622,75.5146,311.0
624,77.3358,312.0
626,75.4169,313.0
628,72.2327,314.0
630,77.9802,315.0
632,80.6007,316.0
634,80.8387,317.0
636,76.0329,318.0
638,72.5065,319.0
640,72.4699,320.0
642,71.46,321.0
644,76.5434,322.0
646,78.82300000000001,323.0
648,82.2769,324.0
650,83.2504,325.0
652,81.9844,326.0
654,82.0437,327.0
656,74.1503,328.0
658,73.3041,329.0
660,71.37,330.0
662,67.7861,331.0
664,74.3376,332.0
666,72.2142,333.0
668,73.8686,334.0
670,76.8453,335.0
672,79.0987,336.0
674,77.5862,337.0
676,76.235,338.0
678,76.235,339.0
680,74.8213,340.0
682,73.1958,341.0
684,76.3481,342.0
686,72.4893,343.0
688,77.253,344.0
690,70.4352,345.0
692,70.2078,346.0
694,68.422,347.0
696,70.8193,348.0
698,73.362,349.0
700,71.6289,350.0
702,74.0874,351.0
704,73.6882,352.0
706,73.0101,353.0
708,71.22,354.0
710,71.4392,355.0
712,73.626,356.0
714,74.1489,357.0
716,76.507,358.0
718,73.8772,359.0
720,74.8611,360.0
722,75.6879,361.0
724,71.7913,362.0
726,77.0043,363.0
728,74.9184,364.0
730,76.6026,365.0
732,73.0855,366.0
734,76.8822,367.0
736,76.1135,368.0
738,74.4483,369.0
740,72.4145,370.0
742,72.7898,371.0
744,77.5358,372.0
746,73.1204,373.0
748,68.8769,374.0
750,70.9384,375.0
752,70.1945,376.0
754,73.5058,377.0
756,71.1051,378.0
758,70.345,379.0
760,71.4747,380.0
762,69.6421,381.0
764,72.3664,382.0
766,74.1794,383.0
768,70.314,384.0
770,71.3182,385.0
772,71.3182,386.0
774,71.3182,387.0
776,79.5211,388.0
778,88.721,389.0
780,88.721,390.0
782,86.3739,391.0
784,69.4509,392.0
786,67.884,393.0
788,64.9096,394.0
790,68.8244,395.0
792,72.921,396.0
794,69.454,397.0
796,77.5767,398.0
798,80.9365,399.0
800,85.7803,400.0
802,86.1541,401.0
804,80.3866,402.0
806,69.1182,403.0
808,69.9983,404.0
810,68.7111,405.0
812,73.1313,406.0
814,77.788,407.0
816,78.456,408.0
818,82.1109,409.0
820,78.4076,410.0
822,78.5322,411.0
824,69.9364,412.0
826,68.5545,413.0
828,69.233,414.0
830,67.1983,415.0
832,68.6072,416.0
834,70.6543,417.0
836,73.1163,418.0
838,70.28699999999999,419.0
840,69.6071,420.0
842,69.7849,421.0
844,65.7916,422.0
846,68.3469,423.0
848,69.4781,424.0
850,68.6442,425.0
852,72.5442,426.0
854,69.7648,427.0
856,71.7303,428.0
858,70.7601,429.0
860,66.4237,430.0
862,72.7517,431.0
864,68.209,432.0
866,65.7893,433.0
868,67.1032,434.0
870,68.4225,435.0
872,70.9478,436.0
874,70.5774,437.0
876,69.9374,438.0
878,71.7757,439.0
880,71.6023,440.0
882,73.564,441.0
884,73.564,442.0
886,70.1903,443.0
888,81.9113,444.0
890,84.1907,445.0
892,86.4971,446.0
894,83.8557,447.0
896,84.2885,448.0
898,107.85700000000001,449.0
900,86.2135,450.0
902,90.2501,451.0
904,91.1573,452.0
906,86.7678,453.0
908,79.2949,454.0
910,79.3927,455.0
912,76.8538,456.0
914,75.6128,457.0
916,77.1859,458.0
918,60.9792,459.0
920,66.7914,460.0
922,75.7603,461.0
924,78.2619,462.0
926,72.7523,463.0
928,69.0972,464.0
930,70.0131,465.0
932,71.9824,466.0
934,70.3479,467.0
936,70.437,468.0
938,72.6629,469.0
940,69.8332,470.0
942,68.0495,471.0
944,68.7523,472.0
946,68.468,473.0
948,69.8861,474.0
950,69.1248,475.0
952,69.1279,476.0
954,71.8874,477.0
956,73.5336,478.0
958,71.1666,479.0
960,71.9702,480.0
962,73.0497,481.0
964,68.4751,482.0
966,72.1411,483.0
968,74.0831,484.0
970,75.2715,485.0
972,73.5241,486.0
974,70.668,487.0
976,65.3299,488.0
978,69.2606,489.0
980,69.5895,490.0
982,73.9809,491.0
984,74.2315,492.0
986,79.7315,493.0
988,77.415,494.0
990,75.626,495.0
992,74.6587,496.0
994,72.7498,497.0
996,76.1589,498.0
998,71.8514,499.0
1000,75.5107,500.0
1002,74.9798,501.0
1004,76.4568,502.0
1006,77.8477,503.0
1008,73.5898,504.0
1010,74.1396,505.0
1012,73.5744,506.0
1014,71.2276,507.0
1016,75.2203,508.0
1018,79.1734,509.0
1020,82.5677,510.0
1022,85.7751,511.0
1024,86.3835,512.0
1026,83.6979,513.0
1028,81.0914,514.0
1030,80.7492,515.0
1032,86.0964,516.0
1034,88.3745,517.0
1036,89.9516,518.0
1038,86.2733,519.0
1040,87.7456,520.0
1042,85.1023,521.0
1044,86.1375,522.0
1046,84.6194,523.0
1048,87.4278,524.0
1050,82.3318,525.0
1052,83.67299999999999,526.0
1054,78.55,527.0
1056,79.0645,528.0
1058,78.0272,529.0
1060,76.5974,530.0
1062,76.8331,531.0
1064,77.6629,532.0
1066,77.7236,533.0
1068,77.0555,534.0
1070,75.0145,535.0
1072,71.7491,536.0
1074,72.1497,537.0
1076,74.8096,538.0
1078,73.2074,539.0
1080,69.5341,540.0
1082,71.5353,541.0
1084,70.0312,542.0
1086,69.8942,543.0
1088,68.8612,544.0
1090,68.7711,545.0
1092,69.4066,546.0
1094,71.2102,547.0
1096,71.3317,548.0
1098,72.4267,549.0
1100,68.1537,550.0
1102,65.2308,551.0
1104,63.6025,552.0
1106,67.1741,553.0
1108,72.9047,554.0
1110,72.9047,555.0
1112,72.9047,556.0
1114,72.9047,557.0
1116,78.4219,558.0
1118,68.4416,559.0
1120,67.8985,560.0
1122,65.078,561.0
1124,71.2174,562.0
1126,65.5777,563.0
1128,64.7117,564.0
1130,69.2249,565.0
1132,67.3552,566.0
1134,70.82300000000001,567.0
1136,69.3451,568.0
1138,70.4002,569.0
1140,74.9944,570.0
1142,72.9629,571.0
1144,66.6579,572.0
1146,69.6133,573.0
1148,68.3136,574.0
1150,69.2765,575.0
1152,76.7442,576.0
1154,76.7442,577.0
1156,94.3653,578.0
1158,98.1205,579.0
1160,97.5543,580.0
1162,92.8424,581.0
1164,82.2611,582.0
1166,78.9469,583.0
1168,72.1945,584.0
1170,68.759,585.0
1172,68.9456,586.0
1174,66.6119,587.0
1176,71.0979,588.0
1178,75.6442,589.0
1180,77.2277,590.0
1182,80.2949,591.0
1184,79.4368,592.0
1186,70.6628,593.0
1188,70.6827,594.0
1190,68.7017,595.0
1192,75.252,596.0
1194,81.3126,597.0
1196,80.6274,598.0
1198,78.8549,599.0
1200,76.4046,600.0
1202,69.6972,601.0
1204,75.1842,602.0
1206,79.8126,603.0
1208,80.2551,604.0
1210,80.7588,605.0
1212,76.913,606.0
1214,76.2032,607.0
1216,75.1988,608.0
1218,70.6207,609.0
1220,71.4483,610.0
1222,71.1351,611.0
1224,68.8917,612.0
1226,70.305,613.0
1228,78.2649,614.0
1230,86.0358,615.0
1232,90.6554,616.0
1234,93.1381,617.0
1236,81.6222,618.0
1238,72.9973,619.0
1240,69.163,620.0
1242,71.3644,621.0
1244,76.945,622.0
1246,73.5507,623.0
1248,75.6315,624.0
1250,72.0616,625.0
1252,67.623,626.0
1254,73.1032,627.0
1256,76.6326,628.0
1258,77.2713,629.0
1260,77.9375,630.0
1262,69.4092,631.0
1264,73.4276,632.0
1266,68.92399999999999,633.0
1268,71.3664,634.0
1270,75.5908,635.0
1272,85.8352,636.0
1274,90.4805,637.0
1276,84.5737,638.0
1278,79.458,639.0
1280,79.1134,640.0
1282,73.0735,641.0
1284,73.6517,642.0
1286,76.9925,643.0
1288,78.2063,644.0
1290,84.5681,645.0
1292,86.2045,646.0
1294,85.3032,647.0
1296,82.029,648.0
1298,82.029,649.0
1300,79.6119,650.0
1302,73.1308,651.0
1304,77.697,652.0
1306,81.2586,653.0
1308,77.8479,654.0
1310,78.7309,655.0
1312,74.4093,656.0
1314,79.18,657.0
1316,87.4679,658.0
1318,91.1939,659.0
1320,92.1384,660.0
1322,85.5682,661.0
1324,74.9879,662.0
1326,71.7016,663.0
1328,70.385,664.0
1330,67.4205,665.0
1332,67.4352,666.0
1334,66.8874,667.0
1336,75.1958,668.0
1338,81.0609,669.0
1340,80.4706,670.0
1342,78.5885,671.0
1344,76.7122,672.0
1346,70.6144,673.0
1348,71.583,674.0
1350,66.9746,675.0
1352,68.1833,676.0
1354,68.5334,677.0
1356,74.1549,678.0
1358,79.2237,679.0
1360,85.7721,680.0
1362,91.5126,681.0
1364,87.1302,682.0
1366,80.6132,683.0
1368,72.6532,684.0
1370,75.6386,685.0
1372,74.3476,686.0
1374,77.6604,687.0
1376,82.5592,688.0
1378,85.6955,689.0
1380,78.5449,690.0
1382,75.9815,691.0
1384,74.8544,692.0
1386,73.8009,693.0
1388,73.8138,694.0
1390,71.8181,695.0
1392,75.4485,696.0
1394,76.0358,697.0
1396,80.3917,698.0
1398,81.7455,699.0
1400,83.5577,700.0
1402,78.9521,701.0
1404,80.3287,702.0
1406,76.3702,703.0
1408,75.6283,704.0
1410,71.3194,705.0
1412,68.2089,706.0
1414,70.71300000000001,707.0
1416,67.4736,708.0
1418,70.9964,709.0
1420,72.558,710.0
1422,74.6643,711.0
1424,70.7108,712.0
1426,72.7771,713.0
1428,74.6072,714.0
1430,79.1093,715.0
1432,86.5618,716.0
1434,86.9525,717.0
1436,80.9314,718.0
1438,72.5982,719.0
1440,70.9696,720.0
1442,71.3561,721.0
1444,69.3965,722.0
1446,72.5941,723.0
1448,72.5941,724.0
1450,80.5253,725.0
1452,83.5571,726.0
1454,73.4885,727.0
1456,72.2875,728.0
1458,69.5987,729.0
1460,63.4874,730.0
1462,66.2556,731.0
1464,65.4445,732.0
1466,65.4445,733.0
1468,82.1457,734.0
1470,86.9577,735.0
1472,86.3571,736.0
1474,77.0647,737.0
1476,76.3046,738.0
1478,72.1161,739.0
1480,84.6728,740.0
1482,85.8994,741.0
1484,97.6623,742.0
1486,76.2133,743.0
1488,80.90100000000001,744.0
1490,83.916,745.0
1492,82.665,746.0
1494,75.6348,747.0
1496,69.5282,748.0
1498,65.1797,749.0
1500,71.8588,750.0
1502,75.7168,751.0
1504,77.9605,752.0
1506,78.8498,753.0
1508,74.0826,754.0
1510,71.0844,755.0
1512,69.0771,756.0
1514,67.2957,757.0
1516,69.7488,758.0
1518,74.9218,759.0
1520,78.0954,760.0
1522,82.0892,761.0
1524,78.1951,762.0
1526,74.8002,763.0
1528,67.6161,764.0
1530,68.3053,765.0
1532,67.9119,766.0
1534,66.8637,767.0
1536,68.3967,768.0
1538,70.5874,769.0
1540,70.8582,770.0
1542,77.2391,771.0
1544,70.5125,772.0
1546,63.6855,773.0
1548,67.0836,774.0
1550,68.117,775.0
1552,69.1957,776.0
1554,74.1156,777.0
1556,80.7885,778.0
1558,84.9459,779.0
1560,79.0186,780.0
1562,71.2501,781.0
1564,66.0582,782.0
1566,72.3902,783.0
1568,71.2703,784.0
1570,66.2021,785.0
1572,66.2482,786.0
1574,69.3678,787.0
1576,72.7962,788.0
1578,73.7784,789.0
1580,80.7136,790.0
1582,74.9264,791.0
1584,67.9882,792.0
1586,70.9111,793.0
1588,66.3479,794.0
1590,70.1087,795.0
1592,69.3982,796.0
1594,68.9938,797.0
1596,72.6754,798.0
1598,67.9884,799.0
1600,70.5931,800.0
1602,69.7884,801.0
1604,65.9071,802.0
1606,65.9071,803.0
1608,66.9666,804.0
1610,78.1322,805.0
1612,81.6399,806.0
1614,75.3921,807.0
1616,69.2807,808.0
1618,69.8182,809.0
1620,69.043,810.0
1622,73.2059,811.0
1624,75.355,812.0
1626,72.5045,813.0
1628,71.5121,814.0
1630,67.6826,815.0
1632,64.952,816.0
1634,69.0697,817.0
1636,66.885,818.0
1638,68.1226,819.0
1640,69.9772,820.0
1642,67.0307,821.0
1644,69.3258,822.0
1646,68.837,823.0
1648,66.556,824.0
1650,71.4921,825.0
1652,70.6939,826.0
1654,70.6939,827.0
1656,73.028,828.0
1658,70.1321,829.0
1660,71.6084,830.0
1662,73.5936,831.0
1664,77.9126,832.0
1666,73.4684,833.0
1668,74.1565,834.0
1670,74.1565,835.0
1672,83.2016,836.0
1674,83.8112,837.0
1676,80.45,838.0
1678,79.8009,839.0
1680,77.5362,840.0
1682,82.2222,841.0
1684,74.9844,842.0
1686,73.3678,843.0
1688,74.3359,844.0
1690,70.2467,845.0
1692,74.0363,846.0
1694,71.7144,847.0
1696,69.0747,848.0
1698,69.9874,849.0
1700,73.8982,850.0
1702,81.9166,851.0
1704,81.6171,852.0
1706,80.7661,853.0
1708,76.0404,854.0
1710,67.595,855.0
1712,69.9525,856.0
1714,69.4946,857.0
1716,68.9357,858.0
1718,69.9627,859.0
1720,73.3504,860.0
1722,79.8968,861.0
1724,83.4432,862.0
1726,83.2687,863.0
1728,85.5495,864.0
1730,82.4948,865.0
1732,82.4948,866.0
1734,82.4948,867.0
1736,82.4948,868.0
1738,70.3661,869.0
1740,79.4348,870.0
1742,87.7109,871.0
1744,87.7109,872.0
1746,80.9228,873.0
1748,74.5481,874.0
1750,76.7813,875.0
1752,76.7813,876.0
1754,76.7813,877.0
1756,76.7813,878.0
1758,171.738,879.0
1760,158.438,880.0
1762,197.481,881.0
1764,190.778,882.0
1766,68.5468,883.0
1768,115.97399999999999,884.0
1770,80.6905,885.0
1772,71.7757,886.0
1774,66.8692,887.0
1776,74.8837,888.0
1778,81.1489,889.0
1780,88.2277,890.0
1782,92.4063,891.0
1784,95.1542,892.0
1786,92.90299999999999,893.0
1788,95.5782,894.0
1790,84.0918,895.0
1792,78.5217,896.0
1794,77.8251,897.0
1796,75.672,898.0
1798,74.8494,899.0
1800,74.8494,900.0
1802,82.72399999999999,901.0
1804,132.31799999999998,902.0
1806,91.73,903.0
1808,131.274,904.0
1810,87.0679,905.0
1812,87.5361,906.0
1814,93.6117,907.0
1816,97.2572,908.0
1818,99.2243,909.0
1820,103.804,910.0
1822,103.86,911.0
1824,108.436,912.0
1826,112.28299999999999,913.0
1828,106.169,914.0
1830,87.7602,915.0
1832,77.1558,916.0
1834,70.78699999999999,917.0
1836,70.1878,918.0
1838,68.8604,919.0
1840,62.4086,920.0
1842,59.8354,921.0
1844,62.4852,922.0
1846,71.2636,923.0
1848,79.2952,924.0
1850,75.2693,925.0
1852,70.759,926.0
1854,70.7922,927.0
1856,74.6408,928.0
1858,75.5426,929.0
1860,76.0075,930.0
1862,73.2189,931.0
1864,72.3659,932.0
1866,75.7009,933.0
1868,85.0,934.0
1870,89.6903,935.0
1872,83.2155,936.0
1874,81.0304,937.0
1876,74.9645,938.0
1878,74.0188,939.0
1880,71.1575,940.0
1882,80.1784,941.0
1884,82.3362,942.0
1886,81.0059,943.0
1888,78.3049,944.0
1890,78.0263,945.0
1892,72.8523,946.0
1894,72.0998,947.0
1896,72.5239,948.0
1898,67.55199999999999,949.0
1900,64.6685,950.0
1902,64.0,951.0
1904,63.6483,952.0
1906,67.0678,953.0
1908,70.0064,954.0
1910,63.7785,955.0
1912,63.5207,956.0
1914,71.1673,957.0
1916,68.0147,958.0
1918,69.363,959.0
1920,68.8039,960.0
1922,74.8825,961.0
1924,72.2321,962.0
1926,68.6013,963.0
1928,68.6013,964.0
1930,68.6013,965.0
1932,78.5944,966.0
1934,77.7966,967.0
1936,64.604,968.0
1938,60.6878,969.0
1940,73.5836,970.0
1942,74.6846,971.0
1944,80.5574,972.0
1946,86.0144,973.0
1948,89.6383,974.0
1950,86.7255,975.0
1952,78.7527,976.0
1954,76.3038,977.0
1956,74.7323,978.0
1958,73.5009,979.0
1960,70.8774,980.0
1962,65.0756,981.0
1964,66.9283,982.0
1966,70.839,983.0
1968,76.7076,984.0
1970,83.939,985.0
1972,89.2573,986.0
1974,80.7285,987.0
1976,66.6442,988.0
1978,62.7501,989.0
1980,64.5238,990.0
1982,60.6118,991.0
1984,61.9176,992.0
1986,61.5525,993.0
1988,59.0891,994.0
1990,64.7619,995.0
1992,66.916,996.0
1994,74.1126,997.0
1996,80.4689,998.0
1998,74.7692,999.0
2000,72.8401,1000.0
2002,65.6409,1001.0
2004,63.1786,1002.0
2006,65.3172,1003.0
2008,64.4634,1004.0
2010,63.5931,1005.0
2012,65.7222,1006.0
2014,63.5904,1007.0
2016,67.5495,1008.0
2018,64.3979,1009.0
2020,65.185,1010.0
2022,65.8565,1011.0
2024,74.248,1012.0
2026,73.1736,1013.0
2028,70.0118,1014.0
2030,68.2519,1015.0
2032,63.9304,1016.0
2034,62.1479,1017.0
2036,59.5457,1018.0
2038,61.2325,1019.0
2040,61.2629,1020.0
2042,62.9524,1021.0
2044,66.9015,1022.0
2046,66.9015,1023.0
2048,79.1072,1024.0
2050,79.5006,1025.0
2052,78.673,1026.0
2054,81.6596,1027.0
2056,81.234,1028.0
2058,76.5447,1029.0
2060,68.4187,1030.0
2062,69.7105,1031.0
2064,72.0725,1032.0
2066,72.0725,1033.0
2068,85.3923,1034.0
2070,89.0921,1035.0
2072,82.69,1036.0
2074,80.2724,1037.0
2076,78.5592,1038.0
2078,78.3482,1039.0
2080,76.4819,1040.0
2082,76.9685,1041.0
2084,77.6235,1042.0
2086,76.0662,1043.0
2088,70.8469,1044.0
2090,70.0649,1045.0
2092,71.9808,1046.0
2094,70.3405,1047.0
2096,69.5492,1048.0
2098,71.03399999999999,1049.0
2100,76.1024,1050.0
2102,79.0891,1051.0
2104,71.3742,1052.0
2106,69.8094,1053.0
2108,67.6267,1054.0
2110,66.557,1055.0
2112,71.5069,1056.0
2114,69.7366,1057.0
2116,67.0609,1058.0
2118,66.4611,1059.0
2120,63.778,1060.0
2122,65.3182,1061.0
2124,69.9352,1062.0
2126,71.3904,1063.0
2128,71.3904,1064.0
2130,88.23100000000001,1065.0
2132,88.863,1066.0
2134,79.2701,1067.0
2136,70.6017,1068.0
2138,67.8153,1069.0
2140,66.6441,1070.0
2142,66.0792,1071.0
2144,68.1197,1072.0
2146,74.2392,1073.0
2148,78.7692,1074.0
2150,76.5498,1075.0
2152,69.251,1076.0
2154,71.2909,1077.0
2156,69.2394,1078.0
2158,67.7865,1079.0
2160,72.4321,1080.0
2162,80.618,1081.0
2164,79.8938,1082.0
2166,79.5671,1083.0
2168,79.5671,1084.0
2170,85.8627,1085.0
2172,82.8439,1086.0
2174,83.3007,1087.0
2176,81.4154,1088.0
2178,80.1466,1089.0
2180,81.1403,1090.0
2182,80.9404,1091.0
2184,78.9211,1092.0
2186,75.3147,1093.0
2188,76.0107,1094.0
2190,79.2121,1095.0
2192,74.8561,1096.0
2194,75.6086,1097.0
2196,73.7053,1098.0
2198,75.988,1099.0
2200,72.9929,1100.0
2202,73.4863,1101.0
2204,72.3189,1102.0
2206,72.7418,1103.0
2208,71.032,1104.0
2210,73.7583,1105.0
2212,73.2484,1106.0
2214,75.4654,1107.0
2216,84.0362,1108.0
2218,85.7619,1109.0
2220,87.1458,1110.0
2222,87.1458,1111.0
2224,94.0903,1112.0
2226,91.3327,1113.0
2228,82.9203,1114.0
2230,78.7958,1115.0
2232,76.6075,1116.0
2234,78.4026,1117.0
2236,84.7694,1118.0
2238,88.641,1119.0
2240,85.2769,1120.0
2242,84.6507,1121.0
2244,78.3045,1122.0
2246,74.0279,1123.0
2248,69.2339,1124.0
2250,64.6679,1125.0
2252,64.6679,1126.0
2254,71.9558,1127.0
2256,62.9696,1128.0
2258,68.9939,1129.0
2260,77.2717,1130.0
2262,82.919,1131.0
2264,76.9636,1132.0
2266,67.0877,1133.0
2268,59.9319,1134.0
2270,61.1276,1135.0
2272,67.6425,1136.0
2274,70.5693,1137.0
2276,68.76,1138.0
2278,69.0228,1139.0
2280,68.2859,1140.0
2282,71.767,1141.0
2284,69.9743,1142.0
2286,72.6183,1143.0
2288,73.8414,1144.0
2290,73.8414,1145.0
2292,70.4971,1146.0
2294,70.9637,1147.0
2296,70.6152,1148.0
2298,70.6332,1149.0
2300,69.6878,1150.0
2302,68.1598,1151.0
2304,71.9014,1152.0
2306,66.8986,1153.0
2308,67.2945,1154.0
2310,64.9569,1155.0
2312,65.9656,1156.0
2314,65.0645,1157.0
2316,67.0571,1158.0
2318,67.0571,1159.0
2320,69.9303,1160.0
2322,42.6667,1161.0
2324,77.8569,1162.0
2326,81.9135,1163.0
2328,88.3943,1164.0
2330,92.5367,1165.0
2332,87.4487,1166.0
2334,75.8376,1167.0
2336,72.9753,1168.0
2338,70.1546,1169.0
2340,70.4821,1170.0
2342,69.7811,1171.0
2344,66.9745,1172.0
2346,67.3367,1173.0
2348,68.369,1174.0
2350,69.023,1175.0
2352,66.7374,1176.0
2354,66.01100000000001,1177.0
2356,66.1072,1178.0
2358,62.86,1179.0
2360,65.046,1180.0
2362,67.3751,1181.0
2364,75.9462,1182.0
2366,81.1474,1183.0
2368,84.1921,1184.0
2370,90.9576,1185.0
2372,84.7932,1186.0
2374,75.1288,1187.0
2376,70.2047,1188.0
2378,72.0876,1189.0
2380,72.1415,1190.0
2382,74.3417,1191.0
2384,76.2596,1192.0
2386,81.6638,1193.0
2388,88.10600000000001,1194.0
2390,86.6043,1195.0
2392,85.7395,1196.0
2394,80.0448,1197.0
2396,75.2706,1198.0
2398,74.3749,1199.0
2400,79.6913,1200.0
2402,87.0725,1201.0
2404,89.4586,1202.0
2406,82.5618,1203.0
2408,80.2246,1204.0
2410,76.4268,1205.0
2412,69.5447,1206.0
2414,70.9224,1207.0
2416,74.8154,1208.0
2418,79.8736,1209.0
2420,77.9049,1210.0
2422,76.6808,1211.0
2424,73.1497,1212.0
2426,73.0745,1213.0
2428,73.1645,1214.0
2430,70.1186,1215.0
2432,67.6305,1216.0
2434,70.7097,1217.0
2436,75.8356,1218.0
2438,69.0758,1219.0
2440,65.3099,1220.0
2442,66.6377,1221.0
2444,67.5517,1222.0
2446,74.5458,1223.0
2448,74.0604,1224.0
2450,64.9582,1225.0
2452,64.221,1226.0
2454,65.8121,1227.0
2456,65.2012,1228.0
2458,71.518,1229.0
2460,74.8227,1230.0
2462,83.1643,1231.0
2464,81.9711,1232.0
2466,72.9638,1233.0
2468,71.2739,1234.0
2470,69.05199999999999,1235.0
2472,64.8834,1236.0
2474,70.4362,1237.0
2476,66.293,1238.0
2478,65.7457,1239.0
2480,68.2667,1240.0
2482,73.6709,1241.0
2484,78.0233,1242.0
2486,78.0233,1243.0
2488,85.8972,1244.0
2490,82.8875,1245.0
2492,75.4303,1246.0
2494,74.907,1247.0
2496,89.4817,1248.0
2498,84.3019,1249.0
2500,84.0415,1250.0
2502,80.4369,1251.0
2504,77.8604,1252.0
2506,81.4816,1253.0
2508,80.6292,1254.0
2510,81.5841,1255.0
2512,83.089,1256.0
2514,81.1311,1257.0
2516,84.8128,1258.0
2518,89.26899999999999,1259.0
2520,85.3858,1260.0
2522,75.4,1261.0
2524,71.7884,1262.0
2526,69.2644,1263.0
2528,68.6685,1264.0
2530,66.6272,1265.0
2532,68.557,1266.0
2534,67.6247,1267.0
2536,70.873,1268.0
2538,65.3507,1269.0
2540,62.7495,1270.0
2542,59.2246,1271.0
2544,60.2381,1272.0
2546,59.2466,1273.0
2548,59.8696,1274.0
2550,63.8196,1275.0
2552,65.7467,1276.0
2554,68.9056,1277.0
2556,73.3029,1278.0
2558,75.3733,1279.0
2560,68.7301,1280.0
2562,64.998,1281.0
2564,62.5568,1282.0
2566,63.0877,1283.0
2568,62.8455,1284.0
2570,62.4841,1285.0
2572,68.1612,1286.0
2574,70.9591,1287.0
2576,71.0301,1288.0
2578,70.2975,1289.0
2580,70.8023,1290.0
2582,70.1342,1291.0
2584,69.9859,1292.0
2586,72.0308,1293.0
2588,79.5965,1294.0
2590,81.459,1295.0
2592,79.5631,1296.0
2594,76.7778,1297.0
2596,74.9813,1298.0
2598,73.6077,1299.0
2600,73.547,1300.0
2602,72.33,1301.0
2604,74.82,1302.0
2606,71.973,1303.0
2608,75.9308,1304.0
2610,75.0286,1305.0
2612,76.6923,1306.0
2614,72.298,1307.0
2616,68.7015,1308.0
2618,71.2132,1309.0
2620,71.2132,1310.0
2622,81.9372,1311.0
2624,83.8168,1312.0
2626,86.9116,1313.0
2628,84.4451,1314.0
2630,83.3891,1315.0
2632,83.3891,1316.0
2634,80.7655,1317.0
2636,77.3499,1318.0
2638,75.8101,1319.0
2640,71.8144,1320.0
2642,68.4315,1321.0
2644,66.9966,1322.0
2646,72.4185,1323.0
2648,68.7473,1324.0
2650,71.6351,1325.0
2652,69.2759,1326.0
2654,70.5101,1327.0
2656,84.4696,1328.0
2658,65.3622,1329.0
2660,64.4778,1330.0
2662,66.7814,1331.0
2664,70.4286,1332.0
2666,73.5689,1333.0
2668,75.4079,1334.0
2670,73.5472,1335.0
2672,77.9511,1336.0
2674,78.1643,1337.0
2676,74.286,1338.0
2678,72.2699,1339.0
2680,72.2978,1340.0
2682,71.2823,1341.0
2684,70.6663,1342.0
2686,69.2559,1343.0
2688,74.342,1344.0
2690,75.8657,1345.0
2692,82.0901,1346.0
2694,84.9017,1347.0
2696,83.6252,1348.0
2698,84.2224,1349.0
2700,84.0091,1350.0
2702,88.2723,1351.0
2704,91.6732,1352.0
2706,91.6732,1353.0
2708,93.384,1354.0
2710,89.8514,1355.0
2712,114.95100000000001,1356.0
2714,83.5181,1357.0
2716,83.2771,1358.0
2718,86.1099,1359.0
2720,85.6831,1360.0
2722,88.8994,1361.0
2724,88.1266,1362.0
2726,88.9091,1363.0
2728,87.5727,1364.0
2730,83.3948,1365.0
2732,80.8739,1366.0
2734,84.9354,1367.0
2736,86.881,1368.0
2738,86.881,1369.0
2740,90.9505,1370.0
2742,84.4819,1371.0
2744,81.3698,1372.0
2746,81.3698,1373.0
2748,81.3388,1374.0
2750,82.3642,1375.0
2752,78.3912,1376.0
2754,75.77199999999999,1377.0
2756,73.7229,1378.0
2758,79.4051,1379.0
2760,75.2512,1380.0
2762,74.9764,1381.0
2764,74.9764,1382.0
2766,84.9851,1383.0
2768,88.255,1384.0
2770,86.542,1385.0
2772,90.04299999999999,1386.0
2774,92.4135,1387.0
2776,90.4461,1388.0
2778,84.2994,1389.0
2780,79.3146,1390.0
2782,72.4344,1391.0
2784,76.7436,1392.0
2786,81.7586,1393.0
2788,86.5122,1394.0
2790,93.4651,1395.0
2792,93.5062,1396.0
2794,86.0033,1397.0
2796,78.7325,1398.0
2798,74.6524,1399.0
2800,72.8913,1400.0
2802,71.8524,1401.0
2804,71.7881,1402.0
2806,74.0537,1403.0
2808,75.6034,1404.0
2810,81.9097,1405.0
2812,84.8833,1406.0
2814,91.6117,1407.0
2816,91.6117,1408.0
2818,69.418,1409.0
2820,71.2127,1410.0
2822,71.2127,1411.0
2824,74.8162,1412.0
2826,78.6736,1413.0
2828,80.1213,1414.0
2830,82.8371,1415.0
2832,78.5092,1416.0
2834,78.2164,1417.0
2836,78.5916,1418.0
2838,75.9471,1419.0
2840,78.3864,1420.0
2842,72.9371,1421.0
2844,74.0654,1422.0
2846,66.7536,1423.0
2848,64.7034,1424.0
2850,63.913000000000004,1425.0
2852,68.7223,1426.0
2854,73.3359,1427.0
2856,79.1388,1428.0
2858,75.1841,1429.0
2860,75.5187,1430.0
2862,67.4068,1431.0
2864,67.793,1432.0
2866,65.4968,1433.0
2868,73.6916,1434.0
2870,78.9569,1435.0
2872,78.2728,1436.0
2874,76.6151,1437.0
2876,74.7269,1438.0
2878,69.0446,1439.0
2880,72.6936,1440.0
2882,67.2908,1441.0
2884,63.748999999999995,1442.0
2886,61.1936,1443.0
2888,64.9929,1444.0
2890,74.7445,1445.0
2892,74.8353,1446.0
2894,73.5618,1447.0
2896,70.1317,1448.0
2898,64.8463,1449.0
2900,66.8865,1450.0
2902,69.4894,1451.0
2904,75.67,1452.0
2906,72.5081,1453.0
2908,74.2765,1454.0
2910,74.2765,1455.0
2912,74.2765,1456.0
2914,62.6742,1457.0
2916,65.9395,1458.0
2918,65.8336,1459.0
2920,69.9595,1460.0
2922,71.5061,1461.0
2924,71.5061,1462.0
2926,72.7569,1463.0
2928,73.4009,1464.0
2930,77.9366,1465.0
2932,79.5007,1466.0
2934,74.1529,1467.0
2936,66.2407,1468.0
2938,69.6291,1469.0
2940,68.5311,1470.0
2942,76.9913,1471.0
2944,84.546,1472.0
2946,84.546,1473.0
2948,74.5827,1474.0
2950,72.3538,1475.0
2952,67.9471,1476.0
2954,69.2467,1477.0
2956,72.9131,1478.0
2958,76.7622,1479.0
2960,71.187,1480.0
2962,66.4792,1481.0
2964,65.6213,1482.0
2966,67.5449,1483.0
2968,67.7785,1484.0
2970,72.9872,1485.0
2972,70.5665,1486.0
2974,72.3218,1487.0
2976,70.5446,1488.0
2978,71.0677,1489.0
2980,78.1631,1490.0
2982,80.1764,1491.0
2984,74.0964,1492.0
2986,72.5874,1493.0
2988,63.8961,1494.0
2990,66.295,1495.0
2992,67.0946,1496.0
2994,70.3169,1497.0
2996,65.7025,1498.0
2998,65.7466,1499.0
3000,67.9281,1500.0
3002,70.3934,1501.0
3004,72.8181,1502.0
3006,73.8377,1503.0
3008,75.9206,1504.0
3010,81.2716,1505.0
3012,76.5824,1506.0
3014,68.9051,1507.0
3016,64.8768,1508.0
3018,66.8144,1509.0
3020,66.8586,1510.0
3022,63.3768,1511.0
3024,68.5009,1512.0
3026,67.8869,1513.0
3028,70.8157,1514.0
3030,70.5553,1515.0
3032,75.6661,1516.0
3034,77.9397,1517.0
3036,72.6027,1518.0
3038,68.0184,1519.0
3040,64.5402,1520.0
3042,69.4926,1521.0
3044,68.112,1522.0
3046,67.1678,1523.0
3048,70.7374,1524.0
3050,68.6415,1525.0
3052,68.1929,1526.0
3054,68.889,1527.0
3056,68.7824,1528.0
3058,69.8577,1529.0
3060,70.9469,1530.0
3062,68.2757,1531.0
3064,67.5149,1532.0
3066,65.5788,1533.0
3068,66.399,1534.0
3070,63.8849,1535.0
3072,63.7344,1536.0
3074,65.3335,1537.0
3076,68.3988,1538.0
3078,69.3454,1539.0
3080,72.0606,1540.0
3082,66.039,1541.0
3084,63.9788,1542.0
3086,67.7603,1543.0
3088,69.7403,1544.0
3090,67.7597,1545.0
3092,65.6092,1546.0
3094,69.0434,1547.0
3096,73.1857,1548.0
3098,75.8436,1549.0
3100,72.0496,1550.0
3102,65.9267,1551.0
3104,65.8836,1552.0
3106,66.0373,1553.0
3108,60.6352,1554.0
3110,66.2785,1555.0
3112,64.90100000000001,1556.0
3114,65.5324,1557.0
3116,66.2498,1558.0
3118,66.5262,1559.0
3120,62.2698,1560.0
3122,63.1211,1561.0
3124,64.4155,1562.0
3126,61.5214,1563.0
3128,57.898,1564.0
3130,57.42,1565.0
3132,57.42,1566.0
3134,60.8422,1567.0
3136,66.1167,1568.0
3138,67.4011,1569.0
3140,64.4561,1570.0
3142,71.6504,1571.0
3144,66.0585,1572.0
3146,68.8986,1573.0
3148,74.0258,1574.0
3150,70.1136,1575.0
3152,65.4021,1576.0
3154,68.5679,1577.0
3156,60.5231,1578.0
3158,59.9622,1579.0
3160,67.8997,1580.0
3162,70.6804,1581.0
3164,80.5901,1582.0
3166,90.7665,1583.0
3168,91.3999,1584.0
3170,83.06700000000001,1585.0
3172,74.1104,1586.0
3174,68.398,1587.0
3176,65.4593,1588.0
3178,67.6015,1589.0
3180,67.1535,1590.0
3182,72.3766,1591.0
3184,69.6732,1592.0
3186,72.024,1593.0
3188,73.6542,1594.0
3190,72.4043,1595.0
3192,78.6497,1596.0
3194,74.6076,1597.0
3196,75.1643,1598.0
3198,70.8084,1599.0
3200,68.7706,1600.0
3202,72.9376,1601.0
3204,69.8561,1602.0
3206,72.1004,1603.0
3208,73.7339,1604.0
3210,80.8751,1605.0
3212,86.7438,1606.0
3214,89.8311,1607.0
3216,89.8311,1608.0
3218,96.525,1609.0
3220,94.1251,1610.0
3222,90.667,1611.0
3224,89.7356,1612.0
3226,78.9875,1613.0
3228,72.4835,1614.0
3230,71.4117,1615.0
3232,73.4712,1616.0
3234,72.8574,1617.0
3236,76.2904,1618.0
3238,78.7821,1619.0
3240,74.1213,1620.0
3242,76.6792,1621.0
3244,76.079,1622.0
3246,78.6433,1623.0
3248,82.3237,1624.0
3250,87.2419,1625.0
3252,90.2508,1626.0
3254,90.0932,1627.0
3256,90.0932,1628.0
3258,90.0932,1629.0
3260,90.0932,1630.0
3262,63.8746,1631.0
3264,64.7121,1632.0
3266,75.7169,1633.0
3268,74.3574,1634.0
3270,74.7946,1635.0
3272,73.8515,1636.0
3274,62.9128,1637.0
3276,65.3729,1638.0
3278,69.3092,1639.0
3280,68.5195,1640.0
3282,70.6207,1641.0
3284,68.1863,1642.0
3286,65.2424,1643.0
3288,68.5823,1644.0
3290,68.043,1645.0
3292,70.5578,1646.0
3294,74.3303,1647.0
3296,72.5543,1648.0
3298,72.0767,1649.0
3300,74.0501,1650.0
3302,69.9043,1651.0
3304,70.9856,1652.0
3306,73.8811,1653.0
3308,74.0339,1654.0
3310,75.1914,1655.0
3312,71.6059,1656.0
3314,68.6188,1657.0
3316,71.3993,1658.0
3318,69.7222,1659.0
3320,74.5588,1660.0
3322,76.59,1661.0
3324,80.2089,1662.0
3326,80.9887,1663.0
3328,83.633,1664.0
3330,81.2443,1665.0
3332,75.79899999999999,1666.0
3334,74.1383,1667.0
3336,74.1383,1668.0
3338,69.4201,1669.0
3340,73.5115,1670.0
3342,76.9744,1671.0
3344,69.7915,1672.0
3346,74.3035,1673.0
3348,69.7135,1674.0
3350,73.7775,1675.0
3352,78.3936,1676.0
3354,80.9877,1677.0
3356,83.8661,1678.0
3358,82.9449,1679.0
3360,85.1001,1680.0
3362,85.1001,1681.0
3364,86.8971,1682.0
3366,85.4192,1683.0
3368,83.1483,1684.0
3370,80.7724,1685.0
3372,77.0376,1686.0
3374,77.9823,1687.0
3376,75.3594,1688.0
3378,80.2561,1689.0
3380,83.449,1690.0
3382,84.2117,1691.0
3384,85.6694,1692.0
3386,77.5432,1693.0
3388,71.4926,1694.0
3390,68.5294,1695.0
3392,67.7204,1696.0
3394,65.6093,1697.0
3396,63.5991,1698.0
3398,68.7576,1699.0
3400,67.2624,1700.0
3402,72.8853,1701.0
3404,72.6253,1702.0
3406,70.8368,1703.0
3408,66.7021,1704.0
3410,68.6388,1705.0
3412,63.581,1706.0
3414,63.0374,1707.0
3416,66.1254,1708.0
3418,63.9642,1709.0
3420,66.3115,1710.0
3422,68.7755,1711.0
3424,72.3292,1712.0
3426,72.0377,1713.0
3428,76.9712,1714.0
3430,83.7424,1715.0
3432,80.3889,1716.0
3434,80.3889,1717.0
3436,72.6241,1718.0
3438,71.8115,1719.0
3440,70.3249,1720.0
3442,72.1915,1721.0
3444,72.185,1722.0
3446,69.6553,1723.0
3448,69.1821,1724.0
3450,66.0818,1725.0
3452,68.9598,1726.0
3454,64.7065,1727.0
3456,61.5724,1728.0
3458,61.5724,1729.0
3460,65.2424,1730.0
3462,67.0837,1731.0
3464,70.5906,1732.0
3466,70.5906,1733.0
3468,70.5906,1734.0
3470,103.23,1735.0
3472,84.61200000000001,1736.0
3474,84.211,1737.0
3476,77.694,1738.0
3478,72.0304,1739.0
3480,65.2328,1740.0
3482,63.5091,1741.0
3484,66.5097,1742.0
3486,69.7294,1743.0
3488,73.7991,1744.0
3490,75.1017,1745.0
3492,74.5627,1746.0
3494,73.5325,1747.0
3496,65.9115,1748.0
3498,63.0172,1749.0
3500,62.1857,1750.0
3502,63.1499,1751.0
3504,59.9575,1752.0
3506,62.7489,1753.0
3508,69.6226,1754.0
3510,69.2812,1755.0
3512,70.2188,1756.0
3514,64.503,1757.0
3516,63.3054,1758.0
3518,61.3043,1759.0
3520,64.1035,1760.0
3522,67.9187,1761.0
3524,69.2231,1762.0
3526,69.2231,1763.0
3528,73.6191,1764.0
3530,65.9112,1765.0
3532,64.766,1766.0
3534,62.7795,1767.0
3536,70.4936,1768.0
3538,75.178,1769.0
3540,80.095,1770.0
3542,77.8168,1771.0
3544,83.2515,1772.0
3546,86.7763,1773.0
3548,85.09200000000001,1774.0
3550,73.6338,1775.0
3552,71.4986,1776.0
3554,67.0469,1777.0
3556,36.2822,1778.0
3558,32.1577,1779.0
3560,31.1562,1780.0
3562,34.3899,1781.0
3564,69.2824,1782.0
3566,68.0158,1783.0
3568,68.0461,1784.0
3570,63.3082,1785.0
3572,62.0188,1786.0
3574,61.1825,1787.0
3576,62.1715,1788.0
3578,62.7206,1789.0
3580,69.9927,1790.0
3582,69.9927,1791.0
3584,73.1074,1792.0
3586,77.5228,1793.0
3588,75.8277,1794.0
3590,67.6036,1795.0
3592,65.1604,1796.0
3594,64.012,1797.0
3596,65.601,1798.0
3598,65.3119,1799.0
3600,69.4435,1800.0
3602,72.5027,1801.0
3604,77.2853,1802.0
3606,82.2763,1803.0
3608,88.7056,1804.0
3610,89.9234,1805.0
3612,80.5032,1806.0
3614,80.5032,1807.0
3616,80.2199,1808.0
3618,99.6357,1809.0
3620,101.84200000000001,1810.0
3622,99.6944,1811.0
3624,98.0783,1812.0
3626,93.7084,1813.0
3628,89.1774,1814.0
3630,81.9571,1815.0
3632,76.1838,1816.0
3634,74.9337,1817.0
3636,72.031,1818.0
3638,75.5918,1819.0
3640,78.1511,1820.0
3642,80.7085,1821.0
3644,81.4721,1822.0
3646,74.1503,1823.0
3648,69.127,1824.0
3650,66.3424,1825.0
3652,66.4745,1826.0
3654,71.2008,1827.0
3656,75.3608,1828.0
3658,75.3608,1829.0
3660,80.3971,1830.0
3662,79.3753,1831.0
3664,79.4614,1832.0
3666,85.4987,1833.0
3668,93.6049,1834.0
3670,93.6049,1835.0
3672,96.7425,1836.0
3674,81.7146,1837.0
3676,115.309,1838.0
3678,98.9659,1839.0
3680,93.0244,1840.0
3682,87.3583,1841.0
3684,79.8997,1842.0
3686,47.7126,1843.0
3688,38.6138,1844.0
3690,49.5484,1845.0
3692,49.5484,1846.0
3694,40.2315,1847.0
3696,74.1551,1848.0
3698,74.9379,1849.0
3700,116.84299999999999,1850.0
3702,65.7754,1851.0
3704,64.2133,1852.0
3706,62.9346,1853.0
3708,62.479,1854.0
3710,66.226,1855.0
3712,74.6923,1856.0
3714,72.3942,1857.0
3716,67.8826,1858.0
3718,65.1755,1859.0
3720,65.092,1860.0
3722,64.0041,1861.0
3724,63.6411,1862.0
3726,61.8647,1863.0
3728,63.2227,1864.0
3730,66.8022,1865.0
3732,70.7412,1866.0
3734,68.624,1867.0
3736,69.5023,1868.0
3738,68.3107,1869.0
3740,66.3587,1870.0
3742,66.392,1871.0
3744,68.5663,1872.0
3746,68.7148,1873.0
3748,73.5334,1874.0
3750,71.4268,1875.0
3752,72.08,1876.0
3754,74.4661,1877.0
3756,72.5386,1878.0
3758,71.0406,1879.0
3760,74.7762,1880.0
3762,77.1262,1881.0
3764,82.102,1882.0
3766,80.264,1883.0
3768,99.6892,1884.0
3770,76.7577,1885.0
3772,74.3481,1886.0
3774,67.4784,1887.0
3776,69.0436,1888.0
3778,65.112,1889.0
3780,62.598,1890.0
3782,70.9512,1891.0
3784,73.7919,1892.0
3786,83.6002,1893.0
3788,85.1452,1894.0
3790,79.5806,1895.0
3792,79.0993,1896.0
3794,64.9348,1897.0
3796,63.9016,1898.0
3798,58.7164,1899.0
3800,63.6635,1900.0
3802,63.1755,1901.0
3804,62.0669,1902.0
3806,68.9472,1903.0
3808,74.01100000000001,1904.0
3810,73.3494,1905.0
3812,75.5275,1906.0
3814,67.3481,1907.0
3816,65.4073,1908.0
3818,68.0479,1909.0
3820,66.3435,1910.0
3822,67.582,1911.0
3824,66.9484,1912.0
3826,61.8249,1913.0
3828,64.2197,1914.0
3830,66.4582,1915.0
3832,67.4913,1916.0
3834,72.4229,1917.0
3836,67.783,1918.0
3838,69.8981,1919.0
3840,69.4488,1920.0
3842,65.3051,1921.0
3844,66.3856,1922.0
3846,63.6354,1923.0
3848,63.7578,1924.0
3850,66.6414,1925.0
3852,64.7466,1926.0
3854,68.0824,1927.0
3856,74.1999,1928.0
3858,74.1999,1929.0
3860,74.1999,1930.0
3862,76.9219,1931.0
3864,70.7141,1932.0
3866,63.6663,1933.0
3868,61.4583,1934.0
3870,62.1289,1935.0
3872,66.7172,1936.0
3874,66.2139,1937.0
3876,67.009,1938.0
3878,70.96,1939.0
3880,69.2636,1940.0
3882,70.0262,1941.0
3884,69.4762,1942.0
3886,68.2309,1943.0
3888,70.78699999999999,1944.0
3890,67.01899999999999,1945.0
3892,62.3843,1946.0
3894,63.3444,1947.0
3896,62.332,1948.0
3898,62.6098,1949.0
3900,64.3133,1950.0
3902,67.8769,1951.0
3904,66.1873,1952.0
3906,64.6261,1953.0
3908,66.4302,1954.0
3910,67.1992,1955.0
3912,68.2354,1956.0
3914,66.2963,1957.0
3916,65.6227,1958.0
3918,70.0118,1959.0
3920,74.0593,1960.0
3922,79.0016,1961.0
3924,78.4774,1962.0
3926,75.1194,1963.0
3928,75.1194,1964.0
3930,67.696,1965.0
3932,66.1741,1966.0
3934,66.1741,1967.0
3936,79.2579,1968.0
3938,83.0844,1969.0
3940,106.541,1970.0
3942,135.504,1971.0
3944,135.504,1972.0
3946,92.9019,1973.0
3948,83.098,1974.0
3950,77.2481,1975.0
3952,74.1636,1976.0
3954,68.5668,1977.0
3956,64.2138,1978.0
3958,64.6969,1979.0
3960,69.0804,1980.0
3962,69.2529,1981.0
3964,69.7245,1982.0
3966,65.4567,1983.0
3968,67.8227,1984.0
3970,69.1498,1985.0
3972,70.7781,1986.0
3974,68.3881,1987.0
3976,73.6727,1988.0
3978,69.851,1989.0
3980,77.9517,1990.0
3982,78.7449,1991.0
3984,77.4518,1992.0
3986,73.1888,1993.0
3988,74.9053,1994.0
3990,75.5814,1995.0
3992,75.2974,1996.0
3994,75.9444,1997.0
3996,72.0283,1998.0
3998,75.8563,1999.0
4000,77.2202,2000.0
4002,79.9618,2001.0
4004,81.6669,2002.0
4006,80.044,2003.0
4008,72.5557,2004.0
4010,72.4562,2005.0
4012,71.3403,2006.0
4014,73.1365,2007.0
4016,71.0058,2008.0
4018,73.0552,2009.0
4020,68.9391,2010.0
4022,73.03,2011.0
4024,72.1313,2012.0
4026,71.2941,2013.0
4028,77.861,2014.0
4030,72.2294,2015.0
4032,70.2775,2016.0
4034,71.434,2017.0
4036,68.5603,2018.0
4038,66.5446,2019.0
4040,72.3128,2020.0
4042,72.1,2021.0
4044,67.5827,2022.0
4046,65.4267,2023.0
4048,69.1165,2024.0
4050,67.7126,2025.0
4052,71.7853,2026.0
4054,72.9195,2027.0
4056,69.0785,2028.0
4058,72.2205,2029.0
4060,70.2839,2030.0
4062,70.3476,2031.0
4064,70.3476,2032.0
4066,82.9871,2033.0
4068,85.4122,2034.0
4070,88.1259,2035.0
4072,87.3099,2036.0
4074,83.3352,2037.0
4076,79.9543,2038.0
4078,75.8476,2039.0
4080,73.9245,2040.0
4082,77.7722,2041.0
4084,76.5628,2042.0
4086,77.1345,2043.0
4088,70.7217,2044.0
4090,68.1875,2045.0
4092,68.0262,2046.0
4094,65.5242,2047.0
4096,65.182,2048.0
4098,68.406,2049.0
4100,67.7799,2050.0
4102,71.8548,2051.0
4104,75.3525,2052.0
4106,71.9199,2053.0
4108,69.72800000000001,2054.0
4110,73.5351,2055.0
4112,68.7771,2056.0
4114,68.3978,2057.0
4116,70.2247,2058.0
4118,73.6652,2059.0
4120,78.2801,2060.0
4122,87.7208,2061.0
4124,87.7208,2062.0
4126,80.4974,2063.0
4128,73.1429,2064.0
4130,69.2895,2065.0
4132,70.3623,2066.0
4134,68.3033,2067.0
4136,67.7037,2068.0
4138,70.4145,2069.0
4140,69.4284,2070.0
4142,72.7526,2071.0
4144,71.6845,2072.0
4146,69.7095,2073.0
4148,69.7884,2074.0
4150,68.812,2075.0
4152,69.6804,2076.0
4154,71.1797,2077.0
4156,74.9425,2078.0
4158,84.5771,2079.0
4160,84.5771,2080.0
4162,84.5771,2081.0
4164,111.436,2082.0
4166,72.3345,2083.0
4168,72.848,2084.0
4170,127.54799999999999,2085.0
4172,73.5482,2086.0
4174,76.7684,2087.0
4176,77.3129,2088.0
4178,80.9593,2089.0
4180,80.9134,2090.0
4182,76.9002,2091.0
4184,74.1201,2092.0
4186,68.1016,2093.0
4188,65.4268,2094.0
4190,63.3975,2095.0
4192,62.2961,2096.0
4194,61.3561,2097.0
4196,62.0196,2098.0
4198,63.5572,2099.0
4200,66.5036,2100.0
4202,65.60600000000001,2101.0
4204,61.9151,2102.0
4206,64.417,2103.0
4208,63.7344,2104.0
4210,64.8262,2105.0
4212,66.6644,2106.0
4214,68.6184,2107.0
4216,76.597,2108.0
4218,80.1516,2109.0
4220,78.7992,2110.0
4222,75.5991,2111.0
4224,74.5443,2112.0
4226,67.0964,2113.0
4228,69.0176,2114.0
4230,68.1582,2115.0
4232,70.8312,2116.0
4234,72.6298,2117.0
4236,75.7874,2118.0
4238,75.5094,2119.0
4240,76.7128,2120.0
4242,74.1633,2121.0
4244,73.2927,2122.0
4246,73.6252,2123.0
4248,70.7377,2124.0
4250,69.4269,2125.0
4252,72.2367,2126.0
4254,74.1547,2127.0
4256,76.6053,2128.0
4258,79.6192,2129.0
4260,77.086,2130.0
4262,80.0845,2131.0
4264,80.0845,2132.0
4266,74.3028,2133.0
4268,70.4767,2134.0
4270,73.5532,2135.0
4272,67.7847,2136.0
4274,69.2521,2137.0
4276,71.6827,2138.0
4278,69.6041,2139.0
4280,71.6283,2140.0
4282,71.6326,2141.0
4284,75.3067,2142.0
4286,74.6141,2143.0
4288,75.5352,2144.0
4290,71.609,2145.0
4292,73.0179,2146.0
4294,74.7541,2147.0
4296,76.9318,2148.0
4298,73.8514,2149.0
4300,75.5352,2150.0
4302,72.0909,2151.0
4304,76.0547,2152.0
4306,74.36399999999999,2153.0
4308,77.6588,2154.0
4310,79.5327,2155.0
4312,76.9831,2156.0
4314,79.5295,2157.0
4316,76.0815,2158.0
4318,79.2554,2159.0
4320,75.2346,2160.0
4322,74.7479,2161.0
4324,76.5554,2162.0
4326,73.9319,2163.0
4328,74.6669,2164.0
4330,72.0234,2165.0
4332,71.0191,2166.0
4334,71.4073,2167.0
4336,69.1912,2168.0
4338,68.1514,2169.0
4340,68.1514,2170.0
4342,69.7613,2171.0
4344,72.7159,2172.0
4346,74.5173,2173.0
4348,72.7096,2174.0
4350,72.814,2175.0
4352,73.406,2176.0
4354,68.6685,2177.0
4356,72.9581,2178.0
4358,71.242,2179.0
4360,70.9766,2180.0
4362,77.5531,2181.0
4364,82.3954,2182.0
4366,87.709,2183.0
4368,86.2991,2184.0
4370,87.7619,2185.0
4372,87.8952,2186.0
4374,85.2476,2187.0
4376,82.0807,2188.0
4378,83.4783,2189.0
4380,88.8006,2190.0
4382,86.4318,2191.0
4384,80.7184,2192.0
4386,81.9499,2193.0
4388,77.9188,2194.0
4390,78.643,2195.0
4392,76.8661,2196.0
4394,74.4459,2197.0
4396,76.8807,2198.0
4398,75.8705,2199.0
4400,78.266,2200.0
4402,78.266,2201.0
4404,78.266,2202.0
4406,64.7731,2203.0
4408,59.7483,2204.0
4410,61.5108,2205.0
4412,88.2664,2206.0
4414,81.5451,2207.0
4416,81.0635,2208.0
4418,75.7071,2209.0
4420,78.7774,2210.0
4422,79.7096,2211.0
4424,73.1071,2212.0
4426,73.1071,2213.0
4428,73.1071,2214.0
4430,73.1071,2215.0
4432,68.3414,2216.0
4434,38.3521,2217.0
4436,62.8326,2218.0
4438,78.4684,2219.0
4440,60.5988,2220.0
4442,25.1803,2221.0
4444,25.1803,2222.0
4446,63.428000000000004,2223.0
4448,25.6856,2224.0
4450,25.6856,2225.0
4452,37.0338,2226.0
4454,37.0208,2227.0
4456,26.0781,2228.0
4458,26.0781,2229.0
4460,75.2607,2230.0
4462,76.4839,2231.0
4464,80.2333,2232.0
4466,80.2523,2233.0
4468,76.2539,2234.0
4470,69.6614,2235.0
4472,70.3487,2236.0
4474,67.6026,2237.0
4476,68.5851,2238.0
4478,76.4313,2239.0
4480,74.4554,2240.0
4482,69.6917,2241.0
4484,67.9846,2242.0
4486,66.8955,2243.0
4488,67.44,2244.0
4490,65.2714,2245.0
4492,71.1927,2246.0
4494,77.3928,2247.0
4496,81.4678,2248.0
4498,95.0047,2249.0
4500,94.0529,2250.0
4502,94.0529,2251.0
4504,87.7299,2252.0
4506,84.2168,2253.0
4508,80.9991,2254.0
4510,80.8763,2255.0
4512,76.9568,2256.0
4514,77.3942,2257.0
4516,83.8645,2258.0
4518,86.7298,2259.0
4520,101.044,2260.0
4522,92.2034,2261.0
4524,94.33200000000001,2262.0
4526,111.57700000000001,2263.0
4528,101.954,2264.0
4530,95.2998,2265.0
4532,92.1978,2266.0
4534,95.9422,2267.0
4536,96.6038,2268.0
4538,91.5675,2269.0
4540,92.5328,2270.0
4542,90.9974,2271.0
4544,95.869,2272.0
4546,96.0559,2273.0
4548,96.1387,2274.0
4550,91.9194,2275.0
4552,79.8537,2276.0
4554,75.4031,2277.0
4556,79.9525,2278.0
4558,75.7188,2279.0
4560,73.6037,2280.0
4562,75.645,2281.0
4564,73.7435,2282.0
4566,71.5175,2283.0
4568,84.0044,2284.0
4570,84.0044,2285.0
4572,82.8151,2286.0
4574,83.8443,2287.0
4576,86.4957,2288.0
4578,86.4957,2289.0
4580,89.6053,2290.0
4582,86.7456,2291.0
4584,88.4608,2292.0
4586,85.1807,2293.0
4588,83.8777,2294.0
4590,82.911,2295.0
4592,77.4797,2296.0
4594,78.5813,2297.0
4596,74.9557,2298.0
4598,74.7077,2299.0
4600,68.9479,2300.0
4602,78.0143,2301.0
4604,90.6636,2302.0
4606,90.6636,2303.0
4608,125.083,2304.0
4610,71.2401,2305.0
4612,75.7977,2306.0
4614,78.5652,2307.0
4616,79.7262,2308.0
4618,77.1859,2309.0
4620,77.8093,2310.0
4622,78.4615,2311.0
4624,76.0665,2312.0
4626,73.3712,2313.0
4628,70.3736,2314.0
4630,75.6909,2315.0
4632,75.203,2316.0
4634,70.2816,2317.0
4636,69.7324,2318.0
4638,68.027,2319.0
4640,65.1992,2320.0
4642,68.0989,2321.0
4644,63.6102,2322.0
4646,64.4288,2323.0
4648,69.7004,2324.0
4650,70.3962,2325.0
4652,73.4027,2326.0
4654,75.11,2327.0
4656,69.4907,2328.0
4658,69.4907,2329.0
4660,69.4907,2330.0
4662,69.4907,2331.0
4664,69.4907,2332.0
4666,69.4907,2333.0
4668,103.33200000000001,2334.0
4670,190.827,2335.0
4672,180.15099999999998,2336.0
4674,221.115,2337.0
4676,93.5282,2338.0
4678,142.733,2339.0
4680,140.873,2340.0
4682,159.653,2341.0
4684,139.439,2342.0
4686,107.88799999999999,2343.0
4688,79.5282,2344.0
4690,70.4718,2345.0
4692,66.1224,2346.0
4694,59.9678,2347.0
4696,56.5198,2348.0
4698,55.0149,2349.0
4700,56.3868,2350.0
4702,59.2272,2351.0
4704,57.1793,2352.0
4706,57.9204,2353.0
4708,62.5662,2354.0
4710,61.9975,2355.0
4712,61.3426,2356.0
4714,63.4585,2357.0
4716,60.7339,2358.0
4718,57.525,2359.0
4720,60.4347,2360.0
4722,58.8429,2361.0
4724,60.8292,2362.0
4726,63.5552,2363.0
4728,63.4925,2364.0
4730,63.5498,2365.0
4732,61.152,2366.0
4734,66.6975,2367.0
4736,68.5361,2368.0
4738,80.2031,2369.0
4740,80.2031,2370.0
4742,83.7405,2371.0
4744,88.0753,2372.0
4746,90.8179,2373.0
4748,79.9372,2374.0
4750,78.2955,2375.0
4752,71.8616,2376.0
4754,65.7881,2377.0
4756,62.8485,2378.0
4758,61.5946,2379.0
4760,65.7254,2380.0
4762,75.6792,2381.0
4764,79.9395,2382.0
4766,84.9119,2383.0
4768,84.9119,2384.0
4770,75.19,2385.0
4772,78.9588,2386.0
4774,76.7909,2387.0
4776,68.6093,2388.0
4778,71.7683,2389.0
4780,71.0406,2390.0
4782,74.4243,2391.0
4784,70.6504,2392.0
4786,76.8308,2393.0
4788,67.5852,2394.0
4790,66.5342,2395.0
4792,68.1037,2396.0
4794,65.7011,2397.0
4796,69.0511,2398.0
4798,67.5709,2399.0
4800,66.3791,2400.0
4802,71.3842,2401.0
4804,71.0483,2402.0
4806,73.6695,2403.0
4808,73.6695,2404.0
4810,91.9412,2405.0
4812,91.9412,2406.0
4814,91.4945,2407.0
4816,85.3808,2408.0
4818,73.5702,2409.0
4820,73.476,2410.0
4822,80.0224,2411.0
4824,80.0224,2412.0
4826,75.7024,2413.0
4828,71.0247,2414.0
4830,74.2014,2415.0
4832,75.0048,2416.0
4834,73.814,2417.0
4836,75.5118,2418.0
4838,76.9393,2419.0
4840,73.4554,2420.0
4842,76.0719,2421.0
4844,75.7712,2422.0
4846,76.3438,2423.0
4848,73.9997,2424.0
4850,76.9036,2425.0
4852,82.6258,2426.0
4854,85.2275,2427.0
4856,88.353,2428.0
4858,88.9278,2429.0
4860,92.9803,2430.0
4862,93.0573,2431.0
4864,88.6804,2432.0
4866,89.2047,2433.0
4868,86.1192,2434.0
4870,78.8774,2435.0
4872,73.8624,2436.0
4874,77.2729,2437.0
4876,84.1459,2438.0
4878,84.1459,2439.0
4880,83.5527,2440.0
4882,84.6163,2441.0
4884,78.1735,2442.0
4886,72.082,2443.0
4888,63.6343,2444.0
4890,67.797,2445.0
4892,65.5475,2446.0
4894,70.4503,2447.0
4896,75.0716,2448.0
4898,76.2136,2449.0
4900,78.9789,2450.0
4902,80.3848,2451.0
4904,72.7002,2452.0
4906,74.416,2453.0
4908,66.4332,2454.0
4910,64.5004,2455.0
4912,70.1846,2456.0
4914,68.0186,2457.0
4916,72.8747,2458.0
4918,73.3538,2459.0
4920,71.5462,2460.0
4922,71.8543,2461.0
4924,73.682,2462.0
4926,72.9679,2463.0
4928,71.1957,2464.0
4930,70.15,2465.0
4932,68.7116,2466.0
4934,69.9916,2467.0
4936,66.7047,2468.0
4938,66.6474,2469.0
4940,65.8444,2470.0
4942,63.1477,2471.0
4944,67.5076,2472.0
4946,67.3303,2473.0
4948,68.9853,2474.0
4950,70.2667,2475.0
4952,75.7157,2476.0
4954,73.3827,2477.0
4956,67.6107,2478.0
4958,63.8447,2479.0
4960,67.6305,2480.0
4962,63.8974,2481.0
4964,62.233999999999995,2482.0
4966,62.1145,2483.0
4968,66.3046,2484.0
4970,63.9645,2485.0
4972,69.4643,2486.0
4974,73.6613,2487.0
4976,73.6613,2488.0
4978,82.3985,2489.0
4980,86.4891,2490.0
4982,81.5022,2491.0
4984,77.8894,2492.0
4986,75.6206,2493.0
4988,75.6206,2494.0
4990,74.8426,2495.0
4992,77.3092,2496.0
4994,79.7461,2497.0
4996,86.1004,2498.0
4998,91.1236,2499.0
5000,87.7879,2500.0
5002,77.378,2501.0
5004,72.5813,2502.0
5006,69.1573,2503.0
5008,66.9512,2504.0
5010,70.0137,2505.0
5012,71.9238,2506.0
5014,72.9325,2507.0
5016,72.944,2508.0
5018,70.4682,2509.0
5020,73.2755,2510.0
5022,70.3506,2511.0
5024,70.0254,2512.0
5026,71.4318,2513.0
5028,69.2724,2514.0
5030,73.0626,2515.0
5032,73.8739,2516.0
5034,74.8972,2517.0
5036,72.6293,2518.0
5038,71.5111,2519.0
5040,70.5184,2520.0
5042,73.1656,2521.0
5044,71.83,2522.0
5046,77.3731,2523.0
5048,76.887,2524.0
5050,74.6233,2525.0
5052,72.6035,2526.0
5054,71.0963,2527.0
5056,71.314,2528.0
5058,71.3117,2529.0
5060,70.6557,2530.0
5062,71.5494,2531.0
5064,70.2313,2532.0
5066,71.6501,2533.0
5068,75.1632,2534.0
5070,75.1792,2535.0
5072,77.6068,2536.0
5074,81.0707,2537.0
5076,80.7218,2538.0
5078,73.7201,2539.0
5080,76.9494,2540.0
5082,72.6192,2541.0
5084,72.3463,2542.0
5086,76.9925,2543.0
5088,78.3608,2544.0
5090,84.6966,2545.0
5092,83.0105,2546.0
5094,81.9884,2547.0
5096,84.7987,2548.0
5098,85.0063,2549.0
5100,88.0929,2550.0
5102,85.3749,2551.0
5104,85.3749,2552.0
5106,85.3749,2553.0
5108,85.3749,2554.0
5110,85.3749,2555.0
5112,66.702,2556.0
5114,66.702,2557.0
5116,66.702,2558.0
5118,82.5076,2559.0
5120,86.044,2560.0
5122,87.8908,2561.0
5124,90.8984,2562.0
5126,88.12899999999999,2563.0
5128,84.6452,2564.0
5130,79.065,2565.0
5132,78.7692,2566.0
5134,76.7273,2567.0
5136,76.4359,2568.0
5138,73.6132,2569.0
5140,70.6552,2570.0
5142,71.8933,2571.0
5144,70.6547,2572.0
5146,68.6779,2573.0
5148,72.196,2574.0
5150,73.9203,2575.0
5152,75.171,2576.0
5154,73.455,2577.0
5156,69.9772,2578.0
5158,70.303,2579.0
5160,67.7386,2580.0
5162,66.4765,2581.0
5164,67.6091,2582.0
5166,65.0339,2583.0
5168,74.9001,2584.0
5170,77.0502,2585.0
5172,77.0502,2586.0
5174,72.7799,2587.0
5176,67.8411,2588.0
5178,65.3701,2589.0
5180,64.8968,2590.0
5182,71.513,2591.0
5184,75.3246,2592.0
5186,80.757,2593.0
5188,85.3606,2594.0
5190,80.7446,2595.0
5192,73.7672,2596.0
5194,75.0494,2597.0
5196,73.596,2598.0
5198,70.0644,2599.0
5200,70.7322,2600.0
5202,71.4062,2601.0
5204,70.2305,2602.0
5206,74.8275,2603.0
5208,75.2399,2604.0
5210,75.3081,2605.0
5212,75.7644,2606.0
5214,75.0366,2607.0
5216,73.2773,2608.0
5218,71.4955,2609.0
5220,74.4095,2610.0
5222,72.0648,2611.0
5224,72.8356,2612.0
5226,72.8356,2613.0
5228,72.8356,2614.0
5230,72.8356,2615.0
5232,100.20100000000001,2616.0
5234,86.9711,2617.0
5236,84.4636,2618.0
5238,83.3541,2619.0
5240,85.2118,2620.0
5242,83.8043,2621.0
5244,82.3,2622.0
5246,75.8094,2623.0
5248,78.4011,2624.0
5250,71.884,2625.0
5252,72.6678,2626.0
5254,73.2468,2627.0
5256,74.3268,2628.0
5258,75.6166,2629.0
5260,79.9647,2630.0
5262,88.1289,2631.0
5264,78.3805,2632.0
5266,76.6037,2633.0
5268,77.335,2634.0
5270,70.5516,2635.0
5272,73.3992,2636.0
5274,75.7802,2637.0
5276,77.117,2638.0
5278,78.921,2639.0
5280,72.5153,2640.0
5282,72.623,2641.0
5284,71.8785,2642.0
5286,67.1559,2643.0
5288,73.7061,2644.0
5290,74.1304,2645.0
5292,76.346,2646.0
5294,72.556,2647.0
5296,76.176,2648.0
5298,75.3589,2649.0
5300,74.4028,2650.0
5302,70.279,2651.0
5304,75.8645,2652.0
5306,72.6387,2653.0
5308,72.6145,2654.0
5310,71.9499,2655.0
5312,71.4134,2656.0
5314,73.5349,2657.0
5316,71.8995,2658.0
5318,72.6198,2659.0
5320,72.8068,2660.0
5322,74.3136,2661.0
5324,73.8055,2662.0
5326,73.9059,2663.0
5328,75.2731,2664.0
5330,75.2731,2665.0
5332,74.3867,2666.0
5334,73.3517,2667.0
5336,81.5236,2668.0
5338,81.5236,2669.0
5340,73.9195,2670.0
5342,73.1519,2671.0
5344,71.7799,2672.0
5346,73.1913,2673.0
5348,73.9724,2674.0
5350,76.4743,2675.0
5352,76.9711,2676.0
5354,80.7807,2677.0
5356,81.9687,2678.0
5358,82.5146,2679.0
5360,77.4067,2680.0
5362,71.8152,2681.0
5364,75.2249,2682.0
5366,72.4643,2683.0
5368,74.2158,2684.0
5370,70.9693,2685.0
5372,71.6022,2686.0
5374,70.5522,2687.0
5376,69.296,2688.0
5378,68.1128,2689.0
5380,66.5855,2690.0
5382,67.7279,2691.0
5384,67.5555,2692.0
5386,64.9171,2693.0
5388,70.2922,2694.0
5390,68.9267,2695.0
5392,69.2544,2696.0
5394,66.4985,2697.0
5396,67.2878,2698.0
5398,68.5179,2699.0
5400,65.3408,2700.0
5402,67.9283,2701.0
5404,63.9829,2702.0
5406,65.359,2703.0
5408,72.3724,2704.0
5410,70.7778,2705.0
5412,70.6651,2706.0
5414,69.613,2707.0
5416,68.2252,2708.0
5418,72.3511,2709.0
5420,70.3651,2710.0
5422,73.8574,2711.0
5424,70.8957,2712.0
5426,73.4967,2713.0
5428,71.9739,2714.0
5430,76.4624,2715.0
5432,81.8181,2716.0
5434,81.8181,2717.0
5436,86.5882,2718.0
5438,78.35600000000001,2719.0
5440,74.5895,2720.0
5442,66.3411,2721.0
5444,63.0565,2722.0
5446,65.2811,2723.0
5448,70.6669,2724.0
5450,71.5458,2725.0
5452,77.4019,2726.0
5454,83.3062,2727.0
5456,88.7988,2728.0
5458,86.9174,2729.0
5460,82.7061,2730.0
5462,75.6019,2731.0
5464,71.1893,2732.0
5466,66.388,2733.0
5468,69.9316,2734.0
5470,70.6555,2735.0
5472,73.6405,2736.0
5474,74.4963,2737.0
5476,74.9752,2738.0
5478,74.1383,2739.0
5480,75.137,2740.0
5482,72.3071,2741.0
5484,77.3493,2742.0
5486,73.2554,2743.0
5488,74.2941,2744.0
5490,74.0944,2745.0
5492,76.065,2746.0
5494,73.3743,2747.0
5496,74.3602,2748.0
5498,74.3602,2749.0
5500,86.2921,2750.0
5502,88.8836,2751.0
5504,91.3148,2752.0
5506,90.7411,2753.0
5508,88.4935,2754.0
5510,88.5475,2755.0
5512,87.147,2756.0
5514,84.087,2757.0
5516,78.0377,2758.0
5518,74.0414,2759.0
5520,71.8016,2760.0
5522,67.9244,2761.0
5524,68.8984,2762.0
5526,68.6283,2763.0
5528,75.6401,2764.0
5530,75.2855,2765.0
5532,75.5015,2766.0
5534,73.3703,2767.0
5536,68.7069,2768.0
5538,71.7805,2769.0
5540,72.3114,2770.0
5542,65.2817,2771.0
5544,64.1333,2772.0
5546,68.7584,2773.0
5548,68.3601,2774.0
5550,65.4462,2775.0
5552,66.6868,2776.0
5554,68.8696,2777.0
5556,69.885,2778.0
5558,89.7077,2779.0
5560,74.2628,2780.0
5562,79.0826,2781.0
5564,76.0828,2782.0
5566,68.6296,2783.0
5568,60.7784,2784.0
5570,59.2714,2785.0
5572,65.9226,2786.0
5574,67.7938,2787.0
5576,68.4099,2788.0
5578,69.2243,2789.0
5580,71.4077,2790.0
5582,65.9721,2791.0
5584,63.5599,2792.0
5586,66.6174,2793.0
5588,60.9872,2794.0
5590,63.9171,2795.0
5592,61.6907,2796.0
5594,58.5738,2797.0
5596,59.1604,2798.0
5598,68.7031,2799.0
5600,70.3651,2800.0
5602,74.6804,2801.0
5604,68.8501,2802.0
5606,65.8057,2803.0
5608,62.0618,2804.0
5610,62.3489,2805.0
5612,63.0145,2806.0
5614,67.2413,2807.0
5616,69.3717,2808.0
5618,66.125,2809.0
5620,67.8653,2810.0
5622,68.3807,2811.0
5624,69.2429,2812.0
5626,67.5422,2813.0
5628,65.2734,2814.0
5630,69.8889,2815.0
5632,62.9325,2816.0
5634,67.9713,2817.0
5636,68.6735,2818.0
5638,68.5967,2819.0
5640,68.0909,2820.0
5642,71.4639,2821.0
5644,66.42,2822.0
5646,62.5586,2823.0
5648,66.3683,2824.0
5650,66.3683,2825.0
5652,76.4298,2826.0
5654,78.7826,2827.0
5656,66.5507,2828.0
5658,67.6596,2829.0
5660,73.7748,2830.0
5662,74.9884,2831.0
5664,77.4554,2832.0
5666,73.1133,2833.0
5668,72.9759,2834.0
5670,76.0758,2835.0
5672,76.7698,2836.0
5674,73.8075,2837.0
5676,71.3811,2838.0
5678,64.27199999999999,2839.0
5680,67.2237,2840.0
5682,89.2468,2841.0
5684,73.2978,2842.0
5686,70.3789,2843.0
5688,68.4219,2844.0
5690,72.891,2845.0
5692,72.4385,2846.0
5694,74.3825,2847.0
5696,75.5714,2848.0
5698,77.2514,2849.0
5700,85.5526,2850.0
5702,85.5526,2851.0
5704,73.5252,2852.0
5706,70.1819,2853.0
5708,67.2266,2854.0
5710,70.3191,2855.0
5712,66.6069,2856.0
5714,65.9804,2857.0
5716,69.2135,2858.0
5718,69.9733,2859.0
5720,68.6769,2860.0
5722,70.137,2861.0
5724,70.5885,2862.0
5726,66.2761,2863.0
5728,66.0748,2864.0
5730,69.2196,2865.0
5732,64.9897,2866.0
5734,65.4225,2867.0
5736,67.3562,2868.0
5738,69.5437,2869.0
5740,71.6573,2870.0
5742,71.6573,2871.0
5744,84.6827,2872.0
5746,73.7013,2873.0
5748,76.6423,2874.0
5750,76.3424,2875.0
5752,78.8836,2876.0
5754,78.9849,2877.0
5756,80.568,2878.0
5758,79.015,2879.0
5760,73.0698,2880.0
5762,68.3522,2881.0
5764,72.1935,2882.0
5766,69.7117,2883.0
5768,70.6425,2884.0
5770,72.572,2885.0
5772,69.7375,2886.0
5774,69.8667,2887.0
5776,68.1864,2888.0
5778,67.4567,2889.0
5780,68.1721,2890.0
5782,73.812,2891.0
5784,73.9382,2892.0
5786,72.9401,2893.0
5788,71.502,2894.0
5790,68.4848,2895.0
5792,66.5144,2896.0
5794,69.2636,2897.0
5796,72.4453,2898.0
5798,75.3691,2899.0
5800,75.3691,2900.0
5802,75.3691,2901.0
5804,88.3091,2902.0
5806,88.2525,2903.0
5808,87.5231,2904.0
5810,84.1371,2905.0
5812,82.4446,2906.0
5814,79.5584,2907.0
5816,79.8282,2908.0
5818,79.4774,2909.0
5820,78.5774,2910.0
5822,72.1501,2911.0
5824,71.2761,2912.0
5826,67.3596,2913.0
5828,66.339,2914.0
5830,69.0517,2915.0
5832,75.8556,2916.0
5834,77.9866,2917.0
5836,80.8878,2918.0
5838,77.2469,2919.0
5840,74.0037,2920.0
5842,66.8513,2921.0
5844,63.7987,2922.0
5846,67.8338,2923.0
5848,64.2478,2924.0
5850,67.8347,2925.0
5852,67.383,2926.0
5854,68.7639,2927.0
5856,71.1965,2928.0
5858,72.322,2929.0
5860,70.219,2930.0
5862,69.7676,2931.0
5864,69.7676,2932.0
5866,62.0402,2933.0
5868,60.6542,2934.0
5870,65.7744,2935.0
5872,67.1174,2936.0
5874,67.896,2937.0
5876,70.2965,2938.0
5878,74.2349,2939.0
5880,74.0175,2940.0
5882,77.0344,2941.0
5884,73.9678,2942.0
5886,75.3984,2943.0
5888,71.7757,2944.0
5890,67.8467,2945.0
5892,62.9036,2946.0
5894,62.3,2947.0
5896,65.3812,2948.0
5898,65.5594,2949.0
5900,73.0524,2950.0
5902,73.0346,2951.0
5904,74.1269,2952.0
5906,77.818,2953.0
5908,68.8406,2954.0
5910,65.5572,2955.0
5912,68.0923,2956.0
5914,67.2391,2957.0
5916,66.704,2958.0
5918,69.7703,2959.0
5920,66.0775,2960.0
5922,60.674,2961.0
5924,66.4513,2962.0
5926,62.2685,2963.0
5928,64.4052,2964.0
5930,66.4825,2965.0
5932,69.1665,2966.0
5934,66.1044,2967.0
5936,67.7642,2968.0
5938,69.9071,2969.0
5940,65.5669,2970.0
5942,68.7666,2971.0
5944,66.8078,2972.0
5946,66.8389,2973.0
5948,67.7484,2974.0
5950,71.5974,2975.0
5952,69.7455,2976.0
5954,69.4893,2977.0
5956,66.1925,2978.0
5958,64.9893,2979.0
5960,64.9893,2980.0
5962,64.9893,2981.0
5964,64.9893,2982.0
5966,64.9893,2983.0
5968,76.5915,2984.0
5970,79.3805,2985.0
5972,80.9658,2986.0
5974,75.5375,2987.0
5976,74.2211,2988.0
5978,75.3175,2989.0
5980,75.1937,2990.0
5982,75.4881,2991.0
5984,74.334,2992.0
5986,72.3972,2993.0
5988,76.857,2994.0
5990,77.9631,2995.0
5992,72.2258,2996.0
5994,67.4958,2997.0
5996,69.9863,2998.0
5998,71.0248,2999.0
6000,69.9121,3000.0
6002,71.4704,3001.0
6004,72.4132,3002.0
6006,67.7743,3003.0
6008,67.7743,3004.0
6010,67.7743,3005.0
6012,67.7743,3006.0
6014,67.7743,3007.0
6016,67.7743,3008.0
6018,136.99,3009.0
6020,156.16,3010.0
6022,98.1226,3011.0
6024,96.5793,3012.0
6026,95.514,3013.0
6028,95.7009,3014.0
6030,94.0035,3015.0
6032,90.0859,3016.0
6034,86.1616,3017.0
6036,81.6461,3018.0
6038,74.2782,3019.0
6040,72.0015,3020.0
6042,67.0117,3021.0
6044,63.9524,3022.0
6046,66.01899999999999,3023.0
6048,66.2332,3024.0
6050,63.9064,3025.0
6052,70.7743,3026.0
6054,73.3615,3027.0
6056,71.1628,3028.0
6058,68.6897,3029.0
6060,63.6378,3030.0
6062,59.5571,3031.0
6064,62.2996,3032.0
6066,65.9586,3033.0
6068,63.3449,3034.0
6070,67.9075,3035.0
6072,68.543,3036.0
6074,67.2739,3037.0
6076,87.2225,3038.0
